query,category
quero uma bateria de pra start 160,Baterias Automotivas
quero uma cakeboard,
quero um relogio,
quero uma bateria de pra start 160,Baterias Automotivas
quero uma celular,Celulares e Smartphones
quero uma p√£o,P√£es
quero uma briquedo,Flores e Plantas
quero uma fantasma,Pets
quero uma cakeboard,
quero uma cakeboard,Festas
carro dodge ram,Carros
quero comprar uma cela,Sexshop
quero comprar uma cela pra cavalos,Pets
quero comprar uma cela pra cavalos,Produtos para Equinos
Escola,Refor√ßo Escolar
Quero um teclado sem fio,Eletr√¥nicos
pizza,Pizzaria
Quero uma caneta bix azul e um estojo rosa,Papelaria
Papelaria Ideal agradece seu contato. Como podemos ajudar?,Gr√°fica
Quero um buque de rosas,Flores e Plantas
Quero um refor√ßo escolar para a quinta s√©rie,Refor√ßo Escolar
Quero um abacate,Hortifruti
Quero comer sushi hot dog salm√£o,Sushi
"Ol√°, boa noite, tudo bem?

Somos do Kyoto Sushi em Parna√≠baüç£. Me chamo Anna e vou realizar seu atendimento. Para facilitar, responda a baixo:
‚ñ™Ô∏éNome e sobrenome 
‚ñ™Ô∏éEndere√ßo completo
‚ñ™Ô∏éQual seu pedido?
‚ñ™Ô∏éForma de pagamento 
üõëMOLHOS COBRADOS üõë

Fa√ßa seu pedido diretamente no link https://kyotosushidelivery.saipos.com/home

 e aguarde no tempo de 60-90min. 

Estamos fazendo de tudo para atender com maior rapidez. 
‚è∞ Hor√°rio de funcionamento do DELIVERY E RETIRADA:
Das 18:00 √°s 23:00h",Sushi
Quero comprar um iPhone 15,Celulares e Smartphones
Quero comprar um teclado sem fio,Eletr√¥nicos
Quero um traveseiro,Eletrodom√©sticos
Quero comer sushi hot dog camar√£o e salm√£o üç£,Sushi
Quero um Honda civic preto,Carros
Quero um travesseiro,Moda e Acess√≥rios
Quero iPhone 15,Celulares e Smartphones
Quero iPhone 15,Celulares e Smartphones
Quero suporte para notebook,Eletr√¥nicos
Preciso de uma extens√£o de v√°rias entradas,Trabalhos Ci√™ntificos
Quero um creatina Max 300g,Suplementos
Quero um cretina Max 300g,Chocolates
Seja bem vido(a) √† LOJA EVOLUI SUPLEMENTOS agradecemos seu contato. Deixe-nos sua pergunta que responderemos o mais r√°pido poss√≠vel.,Suplementos
Teclado sem fio,Eletr√¥nicos
Quero um fone de ouvido pra iPhone,Eletr√¥nicos
quero um fone de ouvido para iphone,Eletr√¥nicos
Quero um cretina Max 300g,Chocolates
Quero um whey,Bebidas
Quero um whey protein,Suplementos
Quero uma creatina,Suplementos
Quero uma creatina max,Suplementos
Quero uma creatina max 300,Suplementos
Quero uma whey,Bebidas
Quero um whey,Bebidas
Pizzaria infantil em Parna√≠ba,Pizzaria
Quero empr√©stimo sicredi,Consorcio
Quero um emprestimo,Consorcio
Quero comprar um mouse sem fio,Eletr√¥nicos
Adaptador hdmi normal para Mini,Eletr√¥nicos
Quero um adaptador hdmi para mini,Eletr√¥nicos
Quero um travesseiro,Moda e Acess√≥rios
Quero comprar um travesseiro,Moda e Acess√≥rios
Quero arroz.,Hortifruti
P√£o integral,Ingredientes para Panifica√ß√£o
P√£o mineiro,Ingredientes para Panifica√ß√£o
Teclado computador,Eletr√¥nicos
Quero comprar um p√£o integrau,P√£es
p√£o integral,Ingredientes para Panifica√ß√£o
p√£o,Ingredientes para Panifica√ß√£o
