,Cadastrais - Nome
103,ALFA 5 BANDEJAS - PRATA/DOURADO 220V - A5
104,ALFA DUPLA 08 BANDEJAS DOURADA 220V AD8
115,ALUGUEL DE AMASSADEIRA AE-25
167,AMACIADOR DE CARNE AMC 18 (2564) SSV2 MONO 220V
168,AMACIADOR DE CARNE AMC 18 G PANIZ
169,AMACIADOR DE CARNE AMC 18 G. PANIZ
170,AMACIADOR DE CARNE BERMAR
171,AMACIADOR DE CARNE INOX ABL
172,AMACIADOR DE CARNE INOX ECCEL
173,AMACIADOR DE CARNE INOX ECCEL
174,AMACIADOR DE CARNE MALTA MANUAL
175,AMACIADOR DE CARNE METVISA
176,Amaciador de carne p/picador 22C/HD
177,Amaciador de carne p/picador 22-FZ
178,AMACIADOR DE CARNE POLI
179,AMACIADOR DE CARNE SIEMSEN
180,AMACIADOR DE CARNE VISA
182,AMASSAD SEMI RAP BASC VENANCIO ASRBV25 MON 25 220V
184,AMASSADEIRA ARC-25 G PANIZ 380v
185,AMASSADEIRA BASCULANTE PAZIANE 25Kg
186,AMASSADEIRA CONVENCIONAL LISBOA 40Kg
187,AMASSADEIRA ESPIRAL BRAESI AE-25 380v 2VEL
188,AMASSADEIRA ESPIRAL BRAESI AE-40 380v 2 VEL
189,AMASSADEIRA ESPIRAL G PANIZ AE-05 220v
190,AMASSADEIRA ESPIRAL G PANIZ AE-10 220v
191,AMASSADEIRA ESPIRAL G PANIZ AE-10 220v
192,AMASSADEIRA ESPIRAL G PANIZ AE-15 220v
193,AMASSADEIRA ESPIRAL G PANIZ AE-15 380v
194,AMASSADEIRA ESPIRAL G PANIZ AE-25 220v
195,AMASSADEIRA ESPIRAL G PANIZ AE-25 220v
196,AMASSADEIRA ESPIRAL G PANIZ AE-25 380v 2 VEL
197,AMASSADEIRA ESPIRAL G PANIZ AE-25 380v 2VEL
198,AMASSADEIRA ESPIRAL G PANIZ AE-25 380v 2VEL
199,AMASSADEIRA ESPIRAL G PANIZ AE-40 380v 2VEL
200,AMASSADEIRA ESPIRAL G PANIZ AE-40 380v 2VEL
201,AMASSADEIRA ESPIRAL G PANIZ AE-60 380v 2VEL
202,AMASSADEIRA ESPIRAL G PANIZ AE-60 380v 2VEL
203,AMASSADEIRA ESPIRAL G PANIZ AE-80 380v 2VEL
204,AMASSADEIRA ESPIRAL GASTROMAQ AE-25 INV
205,AMASSADEIRA ESPIRAL GASTROMAQ AE-40 380v 2VEL
206,AMASSADEIRA ESPIRAL HYPÓLITO 50Kg  380V 2VEL.
207,AMASSADEIRA ESPIRAL LONTE CASTELO AE-25 380v 2VEL
208,AMASSADEIRA ESPIRAL MANA AE-05 220v
209,AMASSADEIRA ESPIRAL MAQPAN 40Kg C/INVERSOR
210,AMASSADEIRA ESPIRAL OMESA 50Kg 380V 2VEL.
211,AMASSADEIRA ESPIRAL P PANIZ AE-15 220v
212,AMASSADEIRA ESPIRAL PERFECTA AE-40 220v C/INVERSOR
213,AMASSADEIRA ESPIRAL PERFECTA AE-80 380v 2VEL
214,AMASSADEIRA ESPIRAL SUPERFECTA AE-15 380v 2VEL
215,AMASSADEIRA ESPIRAL UNIVERSO AE-80 380v 2VEL.
216,AMASSADEIRA ESPIRAL VENANCIO AE-25 220v
217,AMASSADEIRA ESPIRAL VENANCIO VAE-40 220v
218,AMASSADEIRA ESPIRAL VENANCIO VAE40 380v 2vel
219,AMASSADEIRA ESPIRAL VENANCIO VAEMS25 220v
220,AMASSADEIRA G PANIZ AM-31 220v
221,AMASSADEIRA G PANIZ SEMI RAPIDA AM25 MONO 220
222,AMASSADEIRA G. PANIZ AM-25
223,AMASSADEIRA GASTROMAQ MES-25 2VEL ESPIRAL 380V
224,AMASSADEIRA GASTROMAQ MES-40 2VEL ESPIRAL 380V
225,AMASSADEIRA LIEME 7Kg
226,AMASSADEIRA LIEME AR-25Kg
227,AMASSADEIRA PASIANI LENTA P/25Kg 220v
228,AMASSADEIRA RÁP. AR-15 MONO 220v
229,AMASSADEIRA RÁPIDA AR-25 PERFECTA
230,AMASSADEIRA RÁPIDA ARV-15 VENÂNCIO MONOF 15Kg 220v
231,AMASSADEIRA RÁPIDA ARV-25 VENÂNCIO MONOF 25Kg 220v
232,AMASSADEIRA RAPIDA BRAESI AR-25 380v
233,AMASSADEIRA RÁPIDA BRAESI AR-25 380v
234,AMASSADEIRA RÁPIDA G. PANIZ AR-15 MONO
235,AMASSADEIRA RÁPIDA G. PANIZ AR-25 MONO
236,AMASSADEIRA RÁPIDA GASTROMAQ 25 220V MONO
237,AMASSADEIRA RAPIDA LIEME AR-07
238,AMASSADEIRA RAPIDA VENANCIO AR-07 MONO
239,AMASSADEIRA RAPIDA VENANCIO AR-07 MONO
240,AMASSADEIRA RÁPIDA VENANCIO AR-15 MONO
241,AMASSADEIRA RECORD CONV TRIF 380V 40 KG
242,AMASSADEIRA RECORD CONVENCIONAL TRIF 380V 50Kg 
243,Amassadeira Semi Rap 7kg G. PANIZ AM-07
244,AMASSADEIRA SEMI RAP G. PANIZ AM-25
245,AMASSADEIRA SEMI RÁPIDA G. PANIZ AM-15 MONO
246,AMASSADEIRA SEMI RÁPIDA VENANCIO 25Kg MONO
247,AMASSADEIRA SEMI RAPIDA VENANCIO 7KG MONO
248,AMASSADEIRA SEMI RAPIDA VENANCIO MONO
249,AMASSADEIRA SEMI-RÁPIDA LIEME 3Kg
250,AMASSADEIRA SEMI-RÁPIDA LIEME 7Kg
251,AMASSADEIRA SEMI-RÁPIDA VENANCIO 7Kg
252,AMASSADEIRA SIAM CONV TRIF 380V 80 KG 
253,AMASSADEIRA SIAM CONVENCIONAL mono 220v 40Kg
254,Amassadeira Superfecta 160Kg convencional
255,AMASSADEIRA SUPERFECTA CONV TRIF 380V 40 KG 
256,AMASSADEIRA SUPERFECTA CONV TRIF 380V 80 KG
257,AMASSADEIRA VENANCIO ESPIRAL MONOF 25 220V
258,AMASSADEIRA VENANCIO RÁPIDA ARV-25 220V
259,AMASSADEIRA VENANCIO RAPIDA MONOF 15kg 220V
260,AMASSADEIRA VENANCIO SEMI RAPIDA 25 MONOF
261,AMASSADOR VITALEX DE BATATAS MEDIO LUXO
491,ANTEPARA PARA BAND GONDOLA M MOVEIS
506,APLIC FILME INOX BARRA CORTE AF 450 IB
507,APLIC FILME PINT EPOXI AF 450
508,APLIC FILME PINT EPOXI AF 450 BARRA DE CORTE
509,APLICADOR DE FILME BARRA DE CORTE
510,APLICADOR DE FILME PANORAN INOX 400MM
511,Aplicador de filme PS AF-400
512,APLICADOR DE FILME SELP 450MM 220V
513,APLICADOR FILME R BAIAO 400MM BIVOLT INOX
514,APLICADOR FILME R BAIAO CORTE FRIO 400MM
515,APLICADOR FILME R BAIAO CORTE FRIO 400MM INOX
523,AR CONDICIONADO CONSUL 7.500 BTUS
526,ARCO SERRA 600mm
527,ARMARIO EM MELAMINIO C/02 PORTAS 195x90x40CM
528,ARMARIO SOACO 2 PORTAS 195 X 90 X 30
529,ARMARIO SUPER TOP P/PAES 1500
530,ARMARIO SUPER TOP PARA PAES 1500
531,ARMARIO VENANCIO DE CRES MOD 20T 220V AC20T
855,ASSADOR  30 FRANGOS PR-631
856,ASSADOR ROTATIVO VERTICAL 150 127/220V 60HZ
857,ASSADOR VENANCIO GAS TEXAS 5 ASTG5
859,AUTO SERVIÇO SUPER TOP FRIOS E LATICÍNIOS 3000
910,BAL  DIGITAL URANO  POP-S US 15/5
911,BAL  DIGITAL URANO POP-S US20/2
912,BAL  DIGITAL URANO POP-Z US 20/2
913,BAL DIGITAL CHEF CAP 5KG
914,BAL DIGITAL GOURMET CAP 5KG
915,BAL ELETRONICA ELGIN 15Kg
916,BAL Mod. US 20/2 Pop-Z Light Preta R.004
917,BAL ROMANA COMPOSTA 150KG 5 RC
918,BAL ROMANA COMPOSTA 300KG 6 RC
919,BAL SEMI ROB 10 KG PRATO QUAD INOX SR10QL
920,BAL SEMI ROB 10 KG PRATO RED INOX SR10RI
921,BAL UR10000 LIG 150/50 40 x 50CM C/COL C/ROD C/ENC
922,BAL UR10000 LIG 300/100 45x60CM C/COL C/RORD C/ENC
923,BAL. C&F mod C16L cristal Liq. c/bat.
924,BAL. DIGITAL URANO US 15/5 POP Z  PRETA
925,BAL. DIGITAL URANO US 30/2
926,BAL. DIGITAL URANO US 30/2 MD TOP STD
927,BAL. DIGITAL URANO US 30/2 MD TOP STD
928,BALANCA BRIAO ESTADEIRA 260KG BE260
929,BALANÇA C&F C-15
930,Balança C&F C15 ESPECIAL
931,BALANÇA C&F C15 MD DUPLA ESCALA
932,Balança C&F C-15L cristal liq. c/bat
933,BALANÇA C&F C6 MT TRIPLA ESCALA
934,BALANÇA C&F C6MT NO BREAK
935,Balança C&F mod C6MT Tripa escala
936,BALANÇA C&F MOD P15
937,BALANÇA C&F MOD P3
938,BALANÇA C&F MOD P6
939,BALANÇA CARGO-INOX 10Kg
941,Balança Elet Filizola  CS 15 BAT
942,Balança Elet Filizola  CS 15 LCD
943,Balança Elet. Comput. 15Kg C15 esp.
945,BALANÇA ELGIN 15Kg
946,BALANÇA FILIZOLA 15 Kg SÓ PESO
947,BALANÇA FILIZOLA 150Kg
948,BALANÇA FILIZOLA 15Kg VERMELHA
949,BALANÇA FILIZOLA PEQ VERMELHA
950,BALANÇA GOTA 5Kg
951,BALANÇA PLATAFORMA PL 300 30A
952,BALANÇA RAMUZA DCR CL 15Kg
953,BALANÇA SEMI-ROBERVAL 15Kg
954,BALANCA TOLEDO PESADORA 15Kg
955,BALANCA TOLEDO PRIX 3FIT 15Kg
956,BALANCA UPX BLUE 300x340mm C/ COL 60 KG
957,BALANCA UPX BLUE 450x600mm C/COL 300 KG
958,BALANCA UPX BLUE IND REMOTO 300 KG
959,BALANCA UPX BLUE IND REMOTO 440x600mm 300 KG
960,BALANCA UPX C/ BATERIA EA-20 KG
961,BALANCA UPX COMPUTADORA ACQUA 15 PREMIUM 
962,BALANCA UPX COMPUTADORA ACQUA 30 PREMIUM 
963,BALANCA UPX COMPUTADORA ACQUA 30 PREMIUM
964,BALANCA UPX COMPUTADORA ACQUA 30 SOLUTION
965,BALANCA UPX COMPUTADORA EA-15 C/BATERIA 
966,BALANCA UPX COMPUTADORA EA-20 C/ BANDEJA
967,BALANCA UPX COMPUTADORA EA-20 C/ BATERIA
968,BALANCA UPX COMPUTADORA EA-32 C/ BATERIA
969,BALANCA UPX COMPUTADORA WIND 30
970,BALANCA UPX COMPUTADORA WIND 30 SUPER
971,BALANCA UPX COMPUTADORA WIND 32 D3
972,BALANCA UPX COMPUTADORA WIND 32 D3.
973,BALANÇA URANO C/BATERIA 15Kg
974,BALANÇA URANO C/BATERIA 20Kg
996,BALCAO 800 NATURAL COM LED
997,Balcão auto serviço 3 portas frente inox
998,BALCÃO CAIXA  BAC-PA
999,"BALCÃO CAIXA GRANITO VIDRO CURVO 0,8m"
1000,"BALCAO CARNES TERMISA VERTICAL 2,0 M"
1001,"BALCÃO DE CARNE BANDEJA 1,5m"
1002,BALCÃO DE CARNES TENDAL 3M
1003,BALCAO ELETROFRIO 1300 V RETO NATURAL
1004,"BALCÃO EXPOSITOR DE CARNE GELOPAR 1,5M"
1005,"Balcão frig Racional 1,75 VReto 2 Placas GBDR-172B"
1006,"BALCAO FRIG UNIV GELOPAR 2P VITALIS 1,72M 220v"
1007,Balcão frig. pop duplex GCPD-200 Gelopar
1008,"Balcão gelado modular BGM-1202 1,2m 220v"
1009,BALCAO GELOPAR 1400 NATURAL V CURVO
1010,BALCAO GELOPAR 1400 TORTAS V CURVO
1011,BALCAO GELOPAR 700 REFRIGERADO TORTAS
1012,BALCAO ILHA SO ACO 2M
1013,BALCAO MODELO MOVEIS 1200 V RETO NATURAL
1014,BALCAO MODELO MOVEIS 1500 V RETO NATURAL
1015,BALCAO MODELO MOVEIS 700 CAIXA V CURVO
1016,BALCAO MODELO MOVEIS 700 CAIXA V RETO
1017,BALCAO MODELO MOVEIS 700 CURVO INOX NATURAL
1018,BALCAO MODELO MOVEIS 700 CURVO INOX NATURAL
1019,BALCAO MODELO MOVEIS 700 REFRIGERADO V CURVO
1020,BALCAO MODELO MOVEIS 700 V RETO NATURAL
1021,BALCÃO MODULAR NATURAL BNM 120
1022,"BALCAO NAT ACABAMENTO GRANITO 1,2M"
1023,"BALCAO NAT ACABAMENTO GRANITO 1,5M"
1024,"BALCÃO NAT MOD DESM 1,20 PORTA"
1025,"BALCÃO NAT MOD DESM 1,20 VIDROS"
1026,Balcão natural modular BNM-200
1027,BALCAO RECFRIO 1200 REFRIGERADO V. CURVO
1028,"BALCAO REF ACABAMENTO GRANITO 1,2M"
1029,"BALCAO REFRIGERADO TENDAL INOX. V.CURVO 1,5M"
1030,BALCAO REFRIMATE 1200 NATURAL
1031,BALCAO REFRIMATE 1500 REFRIGERADO TORTAS
1032,BALCAO REFRIMATE 2000 NATURAL V. CURVO
1033,BALCÃO REFRIMATE 700 CAIXA V. CURVO
1034,"BALCAO REFRIMATE QUEN SUPER TOP PLATNUM 1,5M"
1035,"BALCAO REFRIMATE REFR SUPER TOP PLATINUM 1,0M"
1036,"BALCAO REFRIMATE REFR SUPER TOP PLATINUM 1,5M"
1037,"BALCAO REFRIMATE SECA SUPER TOP PLATINUM 1,5M"
1038,BALCAO REFRIMATE SECA SUPER TOP PLATINUM 1M
1039,BALCAO REFRIMATE SECA SUPER TOP PLATINUM CURVA
1040,BALCAO SO ACO 1200 REFRIGERADO V RETO
1041,BALCÃO SO ACO 1500 NATURAL V CURVO
1042,"BALCAO SO ACO REFRIG. TENDAL INOX. V.CURVO 1,5M"
1043,BALCAO SO ACO REFRIG. TENDAL INOX. V.CURVO 2M
1044,BALCAO SOACO 1200 GELADO V.SEMI CURVO INOX
1045,BALCAO SOACO 1200 NATURAL V RETO STANDER
1046,BALCAO SOACO 1200 NATURAL V. CURVO MODULAR.
1047,BALCAO SOACO 1200 NATURAL V. RETO MODULAR.
1048,BALCAO SOACO 1200 NATURAL V. RETO STANDER
1049,BALCAO SOACO 1200 NATURAL V.SEMI CURVO INOX
1050,BALCAO SOACO 1200 NATURAL VIDRO RETO INOX
1051,BALCAO SOACO 1200 QUENTE V.SEMI CURVO INOX
1052,BALCAO SOACO 1200 TORTAS V.SEMI CURVO INOX
1053,BALCAO SOACO 1500 NATURAL V RETO STANDER
1054,BALCÃO SOACO 1500 NATURAL V. RETO MODULAR
1055,BALCAO SOACO 1500 NATURAL V. RETO STANDER
1056,BALCAO SOACO 1500 NATURAL V.SEMI CURVO INOX
1057,BALCAO SOACO 1500 REFRIGERADO V RETO
1058,BALCAO SOACO 2000 NATURAL V. RETO MODULAR
1059,BALCAO SOACO 2000 NATURAL V. RETO MODULAR
1060,BALCAO SOACO 2000 NATURAL V.SEMI CURVO INOX
1061,BALCAO SOACO 700 CAIXA V RETO STANDER
1062,BALCAO SOACO 700 CAIXA V. RETO STANDER
1063,BALCAO SOACO 700 CAIXA V.SEMI CURVO INOX
1064,BALCAO SOACO 700 CAIXA V.SEMI CURVO INOX
1065,BALCAO SOACO 700 CAIXA VIDRO RETO INOX
1066,BALCAO SOACO 700 NATURAL V RETO
1067,BALCAO SOACO 700 NATURAL V RETO MODULAR
1068,BALCAO SOACO 700 NATURAL V RETO STANDER
1069,BALCAO SOACO 700 NATURAL V. CURVO MODULAR
1070,BALCAO SOACO 700 REFRIGERADO V RETO
1071,BALCAO SOACO 700 REFRIGERADO V RETO
1072,"BALCAO SOACO REFRIG. TENDAL INOX. V.CURVO 1,5M"
1073,"BALCÃO TERMISA 1,25 NATURAL V. RETO INOX"
1074,BALCÃO TERMISA 1200 NATURAL V.  SEMI CURVO
1075,BALCÃO TERMISA 1200 NATURAL V. CURVO
1076,BALCÃO TERMISA 1200 NATURAL V. RETO
1077,BALCAO TERMISA 1250 V RETO NATURAL
1078,BALCAO TERMISA 1500 NATURAL V CURVO
1079,BALCAO TERMISA 2000 GELADO V. RETO
1080,BALCAO TERMISA 2000 NATURAL V RETO
1081,BALCÃO TERMISA 2000 NATURAL V. CURVO
1082,BALCAO TERMISA 2000 REFRIGERADO V RETO
1083,BALCAO TERMISA 700 REFRIGERADO TORTAS
1084,BALCÃO TERMISA CANTO NAT VIDRO RETO
1085,Balcão V estufa c/01p med:210mts v curvo mod p pad
1086,"Balcão V estufa c/1porta 0,70m stander PAD/SUP"
1087,"Balcão V estufa c/1porta 1,20m stander PAD/SUP"
1088,"Balcão V estufa caixa 0,70m stander PAD/SUP"
1089,Balcão V estufa4 portas PAD/SUP
1090,BALCAO VIT EST C/03 PORTA V RETO 200m GELADO
1091,"Balcão vit est c/1porta 1,2m c/marmore p/pad"
1092,Balcão vit estufa c/2band inox v reto pad
1093,Balcão vit estufa c/3band inox v reto pad
1094,"Balcão vit estufa c/3p c/band 1,2m V. reto PAD/SUP"
1095,"Balcão vit estufa c/3p c/band 1,5m V. reto PAD/SUP"
1096,Balcão vit estufa c/3p c/band 2m V. reto PAD/SUP
1097,Balcão vit estufa c/4band inox v reto pad
1098,Balcão vit estufa c/6band inox v reto pad
1099,Balcão vit estufa c/8band inox v reto pad
1100,"Balcão vit estufa c/8bd inox v reto 1,10m pad"
1101,"Balcão vit gelada 1,30 v. reto"
1102,BALCAO VITR.  SO ACO 03 PORT  VID. CURVO 120 CM
1103,BALCAO VITR.  SO ACO 03 PORT  VID. CURVO 150 CM
1104,"BALCAO VITR.  SO ACO 03 PORT  VID. CURVO MD- 0,70"
1105,"BALCAO VITR.EST SO ACO 03 PORT  VID. RETO 0,70 CM"
1106,BALCÃO VITRINE DE CANTO GELOPAR
1108,"BALCÃO VITRINE GELOPAR 1,5MT"
1109,BALCÃO VITRINE GELOPAR 2MT
1111,BALCÃO VITRINE NATURAL BUN-120
1112,"BALCAO VITRINE SO ACO  MODULAR V.RETO 1,50MT"
1113,"Balcão vitrine SÓAÇO 0,70 V. reto"
1114,"Balcão vitrine SÓAÇO 1,30m V reto"
1115,"Balcão vitrine SÓAÇO 2,00m V reto"
1119,Banca Aramada
1120,Bancada de Apoio 900x1900
1155,BANDEJA EMPILHAVEL PISANI P/PÃO
1206,BANHO MARIA 3 CUBAS PORTATIL 220V
1207,BANHO MARIA FRITOMAQ 220V
1208,BANHO MARIA ITAJOBI 3 CUBAS PORTATIL A GAS 
1301,BATED PLANETARIA C/P VENANCIO VBP20P MONO 20L 220V
1302,BATEDEIRA 12 LITROS BRAESI
1303,BATEDEIRA 12 LITROS PASIANI
1304,BATEDEIRA 20L SUPERFECTA
1305,BATEDEIRA BP 05RP EPOXI MONO 200v 60Hz - (8554)
1306,BATEDEIRA BP 18C (12904) SSV1 - MONO 220V 60HZ
1307,BATEDEIRA BP06C G PANIZ
1308,Batedeira BP06C Mono 110/220v 60Hz
1309,Batedeira BP12C mono 110/220
1310,Batedeira BP-20C C/ped  G. Paniz 220V
1311,BATEDEIRA BRAESI 6 LITROS 220V
1312,BATEDEIRA COM CORREIA VARIADORA 40 L
1313,BATEDEIRA COM INVERSOR DE FREQUENCIA 20 L
1314,BATEDEIRA COOPERBAND 20 LITROS
1315,BATEDEIRA COOPERBAND 40 LITROS
1317,BATEDEIRA DE BOLO SIAM UTIL 20L
1318,BATEDEIRA DE BOLO SIRI 12L
1320,BATEDEIRA DE SORVETE BAK-16
1321,BATEDEIRA DE SORVETE BAKL-16
1322,BATEDEIRA DE SORVETE BSAI-16 METVISA
1323,BATEDEIRA DE SORVETE BSK-16
1324,BATEDEIRA DE SORVETE BSN-16
1325,BATEDEIRA ELETRÔNICA BP-12
1326,BATEDEIRA FC2 12LT BALDE INOX
1327,BATEDEIRA G PANIZ 12L BP12R
1328,BATEDEIRA G PANIZ 18 LITROS INV. DE FREQUENCIA
1329,BATEDEIRA G PANIZ BP 12 SSV1 220V 60HZ
1330,BATEDEIRA G PANIZ BPL-12
1331,BATEDEIRA G PANIZ ELETRONICA 12 L BP12R 
1332,BATEDEIRA G. PANIZ BP-12
1333,BATEDEIRA GASTROMAQ 12L
1334,BATEDEIRA HYPPÓLITO HB-25 380v
1335,BATEDEIRA LIEME 12 L
1336,BATEDEIRA LIEME 12L ANTIGA
1337,BATEDEIRA MANA INTELIGENTE PRETA BPM-05
1338,BATEDEIRA MECANICA METVISA BAM 12
1339,BATEDEIRA METALBOSQUE 20 L
1340,BATEDEIRA METVISA 12 LITROS INOX
1341,BATEDEIRA OMESA 40 LITROS + 2 TACHOS
1342,BATEDEIRA PERFECTA 20 L CORREIA
1343,Batedeira Planetária BP-12 6vel Gastromaq
1344,BATEDEIRA PLANETÁRIA BPL-12G PANIZ
1345,Batedeira planetária Gastromaq BP-06 06vel
1346,Batedeira planetária HB-25 380v
1347,BATEDEIRA PLANETARIA VENANCIO 12L 220v
1348,BATEDEIRA PLANETARIA VENANCIO VBP05 MONO 05L 220V
1349,BATEDEIRA SIENSEM  20L 
1350,BATEDEIRA VENANCIO PLANETARIA VBP12 MONO 12L 220V
1358,BATEDOR DE SORVETE BS-16
1379,BATEDOR METVISA DE MILK SHAKE
1380,BATEDOR MILK SHAKE 220V BMS
1393,BEBEDOURO GARAFÃO ESMALTEC PEQ
1394,BEBEDOURO GARRAFÃO ESMALTEC
1395,BEBEDOURO GHI 220v INOX
1396,BEBEDOURO INOX BELLIERE 220V
1397,BEBEDOURO M. MOVEIS IND INOX C/02 TORN 50LT
1398,BEBEDOURO M. MOVEIS IND INOX C/03 TORN 100LT
1399,BEBEDOURO PLI 220v INOX
1400,BEBEDOURO SO ACO 2 TORNEIRAS 80 L
1401,BEBEDOURO SO ACO IND INOX C/03 TORN.CAP.150L
1402,BEBEDOURO SO ACO IND INOX C/04 TORN 120LT
1403,BEBEDOURO SO ACO INOX ACESSIVEL C/4 TORN CAP 180L
1404,BEBEDOURO SOACO IND INOX C/02 TORN 50LT
1405,BEBEDOURO VENANCIO 2 TORNEIRAS 100L
1406,BEBEDOURO VENANCIO INOX  2T RBI10 
1407,BEBEDOURO VENANCIO INOX  2T RBI10 S/FILTRO
1419,BETA 04 BANDEJA PRATA 220V B4
1420,BETA 05 BANDEJA PRATA 220V B5
1740,BOLEADORA DE PÃES ECO 220V
1747,BOMBA INJETORA MASSA DE CHURROS 2L
1751,"BOMBONIERE VIDRAÇA 1,00x0,30 18 DIVISOES"
1752,BOMBONIERE VIDRAÇA 12 DIVISOES
1753,BOMBONIERE VIDRAÇA 6 DIVISOES
1825,BUFFET AQUEC VENANCIO 6 CUBAS 220V
1826,BUFFET AQUEC VENANCIO ALUM CROM EA6TC 220V
1827,BUFFET REFRIMATE RESTAURA. CENTRAL FRIO 12 CUBAS
1828,BUFFET RESTAURANTE CENTRAL QUENTE 12 CUBAS
1829,BUFFET RESTAURANTE CENTRAL QUENTE 12 CUBAS
1831,BUFFET SELF SERVICE 6 CUBAS
1855,CADEIRA CAIXA ENCOSTO POLIPROPILENO
1856,CADEIRA ESCOLAR
1858,CADEIRA SECRETÁRIA ENCOSTO PLÁSTICO
1860,Cafeteira 2L Luxo uinisell Biv
1861,Cafeteira 2L prata 230
1862,CAFETEIRA 6L LUXO CL06PRATA-U230
1974,CAIXA 80cm
2363,CAMARA CRESC. P/PÃES C/TAMPO INOX/MESA 190x90x80
2365,Camara p/cresc de pães p/20assad 4T
2366,CAMARA P/DESC DE PAES ESTUFA P/FERM 20 ASSAD 4T
2367,CAMARA P/DESC DE PAES ESTUFA P/FERM 20 ASSAD 5T
2368,CAMARA P/DESC DE PAES ESTUFA P/FERM 20 ASSAD INOX
2369,Câmara p/desc de pães estufa p/ferm 40 assad 4T
2386,CANO PARA CHAMINÉ 6 METROS
2433,Carrinho p/supermercado desmontável SA vermelho
2434,CARRINHO PICOLÉ REFRISAR
2435,CARRINHO SA P/SUPERMERCADO DESMONTÁVEL AZUL
2436,Carteira escolar
2513,CAVALETE PIZZAGRILL ITAJOBI GIRATORIO 715x425
2576,CERVEJEIRA FRICON PORTA VIDRO  500L
2577,CERVEJEIRA GELOPAR 450L BRANCA GRBA-450PVA
2578,CERVEJEIRA GELOPAR PORTA CEGA 290L
2579,CERVEJEIRA GELOPAR PORTA CEGA 450L PRETA GRBA-450
2580,CERVEJEIRA IMBERA PORTA VIDRO 420L
2581,CERVEJEIRA METALFRIO 2 PORTAS 800 L
2582,CERVEJEIRA METALFRIO 276 L PORTA SÓLIDA
2583,CERVEJEIRA METALFRIO 950L 2 PORTAS
2584,CERVEJEIRA METALFRIO PORTA VIDRO 575L
2585,CERVEJEIRA REFRIMATE 1300L
2586,CERVEJEIRA TERMISA PORTA DE VIDRO 420L
2616,CESTO SA P/GÔNDOLA 40CM C/2 DIVISÓRIAS
2647,CHAPA  BIFETEIRA FERGOLD 68x35CM GAS 
2648,CHAPA  BIFETEIRA GAS PROGAS PR-450
2649,CHAPA  BIFETEIRA GAS PROGAS PR-800
2650,CHAPA  BIFETEIRA PROGAS GAS PR-750
2652,"CHAPA BIFETEIRA EDANCA A GAS 1,2 M"
2653,CHAPA BIFETEIRA GAS (10326) CBG600 L
2654,CHAPA BIFETEIRA GAS (10391) CBG800 L
2655,CHAPA BIFETEIRA GAS CBG1000 L
2656,CHAPA BIFETEIRA MARCHESONI A GÁS 1000mm
2657,CHAPA BIFETEIRA METALCUBAS GAS (10389) CBG1000
2658,CHAPA BIFETEIRA METALCUBAS GAS (10390) CBG1200 QI
2659,CHAPA BIFETEIRA METALCUBAS GAS CBG1200L
2660,CHAPA BIFETEIRA METALCUBAS GAS CBG1500L
2661,CHAPA BIFETEIRA METALCUBAS GAS CBG600 (10353)
2662,CHAPA BIFETEIRA PROGÁS 40x40cm 220V
2663,CHAPA BIFETEIRA PROGAS COM PÉ 100x40MM
2664,CHAPA BIFETEIRA PROGAS COM PÉ INOX 100x40MM
2665,CHAPA BIFETEIRA PROGAS GAS PR-1000
2666,CHAPA BIFETEIRA PROGAS GAS PR-650
2678,CHAPA PROGAS ELETRICA PR-700 220V
2679,CHAPA PROGAS GAS PR-700 
2681,CHAPA VENANCIO A GAS AMERICANA CG120 MOD 120
2682,CHAPA VENANCIO BIFETEIRA GAS 1200
2683,CHAPA VENANCIO BIFETEIRA GAS 1400
2684,CHAPA VENANCIO BIFETEIRA GAS 800
2685,CHAPA VENANCIO ELET ALUM 70A 220V
2686,CHAPA VENANCIO GAS AMERICANA 45- CG45
2687,CHAPA VENANCIO GAS AMERICANA 90-CG90
2688,CHAPA VENANCIO GAS CG60 AMERICANA 60
2689,CHAPA VENANCIO GAS CG60 AMERICANA 60
2690,CHAPA VENANCIO GAS INOX ESCOV C100 MOD 1000
2691,CHAPA VENANCIO GAS INOX ESCOV C120 MOD 1200 
2692,CHAPA VENANCIO GAS INOX ESCOV C140 MOD 1400
2693,CHAPA VENANCIO GAS INOX ESCOV C65 MOD 650
2694,CHAPA VENANCIO GAS INOX ESCOV C80 MOD 800
2695,CHAPA VENANCIO GAS INOX ESCOV. C65P C/PREN MOD650
2697,CHARBROILER GAS PROGAS PRCB800
2698,CHARBROILER VENANCIO GAS CGG60
2736,"CHECK-OUT AÇO P/SUPERM. 1,60M C/PARA-CHOQUE S/SUP"
2737,"CHECK-OUT M MOVEIS PRIMER TAMPO INOX 1,30MT"
2738,"CHECK-OUT P/SUPERM 1,60M C/P-CHOCK E SUPORTE"
2739,"CHECK-OUT P/SUPERM C/PARA-CHOQ 1,3M S/ SUPOR"
2740,"CHECK-OUT P/SUPERM C/PARA-CHOQ 1,3M S/ SUPOR"
2741,CHECK-OUT P/SUPERM C/PARA-CHOQ 2M C/ SUPOR
2742,CHECK-OUT P/SUPERM C/PARA-CHOQ 2M S/ SUPOR
2743,CHECK-OUT SO ACO 2M C/ PARA-CHOQUE
2744,"CHECK-OUT SO ACO L. ECONÔMICA 1,3 S/SUPORTE"
2745,"CHECK-OUT SO ACO L. MASTER 1,8 S/APOIO"
2746,CHECK-OUT VENANCIO VERMELHO GRA ACM25A2
2747,CHECK-OUT VENANCIO VERMELHO MED ACM25A1
2748,CHECK-OUT VENANCIO VERMELHO PEQ ACM25
2749,Check-Stand Supermercado SA
2798,CIL IND CLM-600 P/PADARIA 3CV
2799,CIL IND MICRO 300 PASTREG COL
2800,Cilindo Monte Castelo CLM-500 2CV
2801,CILINDRO 2M STEEL 550mm
2802,CILINDRO 400mm SUPERFECTA
2803,CILINDRO 500mm 2 MOTORES 380v
2804,CILINDRO 500mm 2M EQUIMAPAN
2805,CILINDRO 600 (2604) CS INOX SSV2 TRIF 380V 60Hz
2806,CILINDRO 600mm 2 MOTORES 380v EQUIMAPAN
2807,CILINDRO 600mm OMESA
2808,CILINDRO 600mm SUPERFECTA ENGRENAGEM
2809,CILINDRO BRAESI 390MM
2810,CILINDRO BRAESI DE MESA CB-30
2811,CILINDRO BRIÃO 01 MOTOR 1 CV
2812,CILINDRO BRIÃO 1 CV
2813,CILINDRO BRIÃO 2 MOTORES
2814,CILINDRO CAMARGO 300MM 220V
2815,CILINDRO CL-300 SUPER
2816,CILINDRO CL-390 C/PEDESTAL
2817,CILINDRO CL-390 INOX C/PEDESTAL
2818,CILINDRO CL-390 INOX SEM/PEDESTAL
2819,CILINDRO CL-450 EPOXI 220V
2820,CILINDRO CL-450 INOX 220V
2821,CILINDRO CL-500  TRIF
2822,CILINDRO CL-500  TRIF INOX
2823,CILINDRO CL-500 EPOXI G. PANIZ 220v
2824,CILINDRO CL-500 MONO 220V
2825,CILINDRO CL-500 MONO INOX 220V
2826,CILINDRO CLE-500 TRIF 380v
2827,CILINDRO CLE-600 S TRIF 380v
2828,CILINDRO CLE-600 TRIF 380v
2829,CILINDRO CLEE 390  380v
2830,CILINDRO CLM-600 MONTE CASTELO 3CV
2831,CILINDRO COOPERBAND 1MOTOR 600mm
2832,CILINDRO COOPERBAND 2M 600mm
2833,CILINDRO COPAMETAL PROF. 390 C/CAVALETE 220V
2835,CILINDRO ELÉTRICO CL-300 220V
2836,CILINDRO ELÉTRICO CSE-390 EPOX 110/220
2837,CILINDRO ELÉTRICO CSI-300 INOX 110/220
2838,CILINDRO ENG SIAM ÚTIL BUCHA 1 MOTOR
2839,CILINDRO FAK MICRO 300 BASICO 220V
2840,CILINDRO FC2  400 1 MOTOR 220V
2841,CILINDRO FC2 2 MOTORES 500 220V MONO
2842,CILINDRO FC2 INMETRO 220V
2843,CILINDRO FC2 MICRO 300/220
2844,CILINDRO FC2 MICRO INOX 300/220
2845,CILINDRO FC2 PROFISSIONAL 500 220V MONO
2846,CILINDRO FC2 PROFISSIONAL 600 380V
2847,CILINDRO G PANIZ 500S INOX SSV2 MON - 60Hz
2848,CILINDRO G PANIZ CL 390 MESA SEMI INOX 220V
2849,CILINDRO G PANIZ CL 450 MESA INOX 220V
2850,CILINDRO G PANIZ CL-20
2851,CILINDRO G PANIZ CL-390 C/PE INOX MONO 220V 60HZ
2852,CILINDRO G PANIZ CL-390 C/PED 220v INOX 
2853,CILINDRO G PANIZ CL-390 C/PED INOX SSV2 220v 60hz
2854,CILINDRO G PANIZ CL-390 S/PED 220v 
2855,CILINDRO G. PANIZ CL-500 2 MOTORES 220 MONO
2856,CILINDRO G. PANIZ CL-500 2 MOTORES TRIF 380V
2857,CILINDRO G.PANIZ INOX CL-300 MONO 220V 60HZ 1/2CV
2858,CILINDRO GASTROMAQ 550MM 220V
2859,CILINDRO ITAJOBI LAMINADOR 30MM ROLO INOX
2860,CILINDRO ITAJOBI LAMINADOR MASSAS 300MM 1/2CV INOX
2861,CILINDRO LAMINADOR ANODILAR
2862,CILINDRO LAMINADOR CAVALETE 510
2863,CILINDRO LAMINADOR COLOMBO CIL-300 MONO 220V
2864,CILINDRO LAMINADOR COLOMBO CIL-300 MONO 220V
2865,CILINDRO LAMINADOR INOX VENANCIO CLMIV30 MONOF 30
2866,CILINDRO LIEME 400mm 220V MONO
2867,CILINDRO LIEME 550mm MESA INOX
2868,CILINDRO MASSA LAMINADOR JÚNIOR LIGHT
2869,CILINDRO MÉDIO MOTOR 1cv
2870,CILINDRO MESA BOTINI 300MM 220V
2871,CILINDRO MESA BOTINI 300MM REFORÇADO 220V 
2872,CILINDRO MESEL 01 MOTOR 1 CV
2873,CILINDRO MESEL DE MESA 300mm
2874,CILINDRO METALBOSQUE ROLAMENTO
2875,CILINDRO METVISA 400mm COM PÉ
2876,CILINDRO METVISA 500MM COM PE
2877,CILINDRO MICRO 300 220v MOD 1.1
2878,CILINDRO MINI BURRO PRETO ARTESANAL
2879,Cilindro p/massas c/cavaleteMS 072
2880,Cilindro p/massas ind 500mm MS 082
2881,CILINDRO PASIANE 500mm MONO
2882,"CILINDRO PASIANI 2 MOTORES 1,5 CV"
2883,CILINDRO PERFECTA 400MM MESA FIBRA 220V
2884,Cilindro Perfecta 600mm corrente
2885,CILINDRO PROFISSIONAL G PANIZ CSP-600
2886,CILINDRO SIEMSEN PEQUENO MONO
2887,Cilindro sovador CSP 600 prof
2888,CILINDRO SOVADOR INOX VENANCIO CLIV50 MONO 50 220V
2889,CILINDRO VENANCIO 300mm 220V INOX
2890,CILINDRO VENANCIO C/ PE 390MM
2891,CILINDRO VENANCIO LAMINADOR INOX C/ PE CLIP39
2892,CILINDRO VENANCIO SOVADOR INOX CLIV50 380V
2902,CLIMATIZADOR AMBIENTE GOAR PRETO 220
2903,CLIMATIZADOR EVAPORATIVO EB 100 220V
3146,"Coluna p/ gôndola plus 1,60m 40cm"
3149,Coluna p/gôndola de aço L. econ.
3150,COLUNA PARA ESTANTE M MOVEIS
3151,COMBO WIND SUPER
3157,COMPRESSOR DE PINTURA TUFÃO
3158,COMPRESSOR EMBRACO ASPERA 3/4 HP BAIXA R404A 220v
3203,CONFEITARIA REFRIGERADA SUPER TOP PLATINUM 1000
3204,CONFEITARIA REFRIGERADA SUPER TOP PLATINUM 1500
3205,CONFEITARIA REFRIGERADA SUPER TOP PLATINUM 2000
3206,CONFEITARIA SECA SUPER TOP PLATINUM 1000CSSTP1000
3207,CONFEITARIA SECA SUPER TOP PLATINUM 1500 CSSTP1500
3208,CONFEITARIA SECA SUPER TOP PLATINUM 2000CSSTP2000
3251,CONGEL GELOPAR DP A 310lts 1 TAMPA CEGA
3275,Conj mesa com 4 cadeiras
3584,CORTADOR COLOMBO L PEQ COMPLETO
3585,CORTADOR COLOMBO LEG GRANDE COMPLETO
3586,CORTADOR COLOMBO LEG MEDIO COMPLETO
3588,CORTADOR DE FRIOS ARBEL INOX 220V
3589,CORTADOR DE FRIOS ARBEL PINTADO
3590,CORTADOR DE FRIOS AUT CFAS
3592,CORTADOR DE FRIOS AUTOMÁTICO FILIZOLA
3593,CORTADOR DE FRIOS AUTOMÁTICO GURAL ALUMÍNIO
3594,CORTADOR DE FRIOS BERMAR 260mm
3595,CORTADOR DE FRIOS BERMAR INOX LAMINA 250MM
3596,CORTADOR DE FRIOS BRAESI AUTOMÁTICO 300mm
3597,CORTADOR DE FRIOS FILIZOLA AUTOMÁTICO
3598,CORTADOR DE FRIOS GURAL
3599,CORTADOR DE FRIOS HOBART SENCO
3600,CORTADOR DE FRIOS IMPORTADO
3601,CORTADOR DE FRIOS INOX  BERMAR
3602,CORTADOR DE FRIOS METVISA AUTOMATICO CFA-300
3603,CORTADOR DE FRIOS METVISA CFA 300
3604,CORTADOR DE FRIOS METVISA CFI-300
3605,CORTADOR DE FRIOS MK TEC
3606,Cortador de frios NC 300 Filizola
3607,CORTADOR DE FRIOS POLI AUTOM. FFA
3608,CORTADOR DE FRIOS SIENSEM
3609,CORTADOR DE FRIOS UPX LASER 300
3610,CORTADOR DE FRIOS VISA AUTOMÁTICO INOX
3611,CORTADOR DE LEGUMES COLOMBO MEDIO
3621,CORTADOR ESPREM. LEG/FRUTAS
3623,CORTADOR FRIOS SIEMSEN AUTOM. CFAS
3735,CORTADOR VITALEX L MEDIO PLAST COMPLETO
3736,CORTADOR VITALEX L PEQUENO POLIC COMPLETO
3738,COZERELLA CZ 15 SSV3 MONO 110/220V 60 HZ
3783,CREPEIRA ELETRICA PROGÁS CHAPA FRANCES 220V
3784,CREPEIRA ELETRICA PROGAS SUICO 12 UND 220V
3785,CREPEIRA ELETRICA SOACO SUICO 10 UND 220V
3786,CREPEIRA GAS PROGAS CHAPA FRANCES
3787,CREPEIRA MALTA 12 CAV.2000W 220V
3826,CUBA GASTROMAQ INOX BP
3853,CURVA M BALCÃO NATURAL MODULAR
3854,CURVA SUPER TOP PLATINUM EXTERNA FECHADA
3855,CUTTER 6 LITROS 600W
4105,DESCASCADOR BATATA METVISA DBCA-6
4106,Descascador batata/cebola/alho DBCA-6
4107,Descascador de batatas DBCA-10
4111,DESFIADOR DE FRANGO DC-10
4112,DESFIADOR G PANIZ IDE CARNES DC 10 MONO 127/220v
4124,DESPOLPADEIRA DE FRUTAS METVISA 10L DG-10
4125,DESPOLPADEIRA METVISA DE FRUTAS 20L DG-20
4126,DESPOLPADEIRA METVISA DE FRUTAS 20L DG-20
4278,DIVISORA BRAESI BRANCA DV-30
4279,DIVISORA DE COLUNA 30
4280,DIVISORA DE COLUNA DV30
4281,DIVISORA DE COLUNA MB 30P
4282,DIVISORA DE MASSA METVISA C/PE DPRC-30
4283,DIVISORA DE MASSA VENANCIO C/PE
4284,DIVISORA DE MASSA VENANCIO C/PE 30
4285,DIVISORA DE MASSAS DV-30/CP
4286,DIVISORA DE MASSAS OMESA DV-30
4288,DIVISORA DE PAES PASIANI DV-25
4289,DIVISORA DE PÃO MANUAL DPC-30
4290,DIVISORA DE PÃO MANUAL DPM-30
4291,DIVISORA DV 30 (2538) C/PED EPOXI
4292,DIVISORA DV 30 PERFECTA
4293,DIVISORA DV-30  S/PEDESTAL
4294,DIVISORA G PANIZ C/ CARENAGEM PINTADA
4295,DIVISORA G PANIZ DV 30 C/ PED INOX
4296,DIVISORA G. PANIZ C/PED CARENAGEM INOX
4297,DIVISORA MESEL DV 30
4298,DIVISORA METVISA QUADRADA DV-30 
4299,DIVISORA METVISA REDONDA DV-30
4300,DIVISORA SEM BANCADA
4301,DIVISORA SIAM BRANCA DV-30
4302,DIVISORA TORFER DV-30
4681,Embaladora de mesa EMB 450
4682,Embalafil mesa frontal 400mm
4683,EMBALAFIL MESA FRONTAL COMPACTA EPOXI 500mm BIV./1
4695,EMPACOTADORA DE GRÃOS MATISA
4696,"EMPILHADEIRA MANUAL 1TON 1,6M N-EMPIT"
4735,ENCERADEIRA IND DEEP CLEAN 410 MM SUPERPLUS 220V
4854,ENG 34Z G.PANIZ HELICOIDAL MENOR AM25
4988,ENSACADEIRA DE LINGUICA METVISA 6KG
4989,ENSACADEIRA LINGUICA METVISA 10 KG
4990,ENSACADEIRAS DE LINGUICA ECCEL 8KG INOX
4992,ES TUFA W 6BD 220V
5130,EST AQUEC ALIMENTO MOD 06-TX / 200V
5133,ESTANTE M MOVEIS ABERTA  C/06 PRAT C/R 198x92x40
5134,ESTANTE M MOVEIS ABERTA C/03 PRAT C/R 100x92x30
5135,ESTANTE M MOVEIS ABERTA C/03 PRAT S/R 100x92x25
5136,ESTANTE M MOVEIS ABERTA C/5 PRAT C/R 198 X 92 X30
5137,ESTANTE M MOVEIS ABERTA C/5 PRAT C/R 198 X 92 X30
5138,ESTANTE M MOVEIS ABERTA C/5 PRAT S/R 198 X 92 X25
5139,ESTANTE M MOVEIS ABERTA C/6 PRAT C/R 198 X 92 X30
5140,ESTANTE SO ACO ABERTA AMAR C/06 PRAT S/R 198x92x25
5141,ESTANTE SO ACO ABERTA C/03 ROSA S/R 100x92x25
5142,ESTANTE SO ACO ABERTA C/05 CINZA S/R 200X92X25 CM
5143,ESTANTE SO ACO ABERTA C/06 CINZA C/R 200x92x40
5144,ESTANTE SO ACO ABERTA C/06 PRAT C/R 198x92x25
5145,ESTANTE SO ACO ABERTA PRETO C/5 PRAT S/R 200x92x25
5146,ESTANTE SO ACO ABERTA ROSA C/5 PRAT S/R 200x92x25
5147,ESTANTE SO ACO ABERTA VERM C/3 CINZA S/R 100x92x25
5148,ESTANTE SO ACO ABERTA VERM C/5 PRAT S/R 198x92x25
5165,ESTUFA  PD-20 VIPÃO COM 30 ASSAD 40x80
5166,ESTUFA 03 BANDEJAS INOX E3B
5167,ESTUFA 04 BANDEJAS INOX E4B
5168,ESTUFA 05 BANDEJAS INOX E5B
5169,ESTUFA 3 BANDEJAS
5170,ESTUFA 580x680 PINTADA 20 DV VZ MERCOPAN
5171,Estufa alum. 4 band. bronze friso dourado EA4B
5172,ESTUFA ANTIGA TABULEIROS COMPLETA
5173,ESTUFA C/2 BANDEJAS INOX
5174,Estufa c/20 assad 58x70 5 ondas
5175,ESTUFA C/4 BANDEJAS INOX
5176,ESTUFA C/6 BANDEJAS INOX
5177,ESTUFA C/8 BANDEJAS INOX
5178,ESTUFA CAINCO PD VZ P/20ASSAD 36x62 CM ALUMINOL
5179,ESTUFA CAINCO TITANIUM 6236 F20VZ ALZ
5180,ESTUFA CAINCO TITANIUM 6236 F40VZ ALZ
5181,"ESTUFA CIMAPI PD VZ P/20ASSAD 36X62X3,5CM EPOXI"
5182,"ESTUFA CIMAPI PD VZ P/40 ASSAD 36X62X3,5 CM EPOXI"
5183,ESTUFA CIMAPI PF VZ P/20 ASSAD 58X70CM EPOXI
5184,ESTUFA CIMAPI PF VZ P/20 ASSAD 58X70CM PLATINUM
5185,ESTUFA CIMAPI VAZIA P40 ASSAD SEMI-NOVA
5186,"Estufa com 08  bandejas inox V. reto 1,10m"
5187,ESTUFA COM 10 ASS EXPOSITÓRIA COMPLETA
5188,ESTUFA CRESC PAO DOCE 40 ASSA VAZIO
5189,"ESTUFA CRESC SOACO PD VZ P/20ASSAD 36X62X3,5CM EPX"
5190,ESTUFA DE AQ. VENANCIO ALUM CROMADO EA4TC 220V
5191,ESTUFA DE AQ. VENANCIO ALUM CROMADO EA8TC-220V
5192,ESTUFA DE AQUEC VENANCIO MOD 12-G / 220V
5193,ESTUFA DE CRESC  PD-20  VAZIO
5194,ESTUFA DE CRESC PAO DOCE 40 ASSA VAZIO S/PINT
5195,ESTUFA DE CRESC PD-20C.
5196,ESTUFA DE CRESC PD-40 C
5197,ESTUFA DE CRESC PD-40 VAZIO
5198,Estufa de cresc PD-40x80 c/ass alum lisa/esp
5199,Estufa de cresc vazio 40X80
5200,Estufa de cresc. PD40-C especial
5201,Estufa de cresc. PF-C especial
5202,Estufa de crescim PD20-C especial
5203,Estufa de ferm /40 assad Só aço Vz
5204,ESTUFA DE PÃO FRANCÊS C.
5205,ESTUFA DE SALGADOS 8 BANDEJAS VIDRO RETO
5206,ESTUFA DUPLA 06 BANDEJAS INOX ED6B
5207,Estufa edanca vidro curvo
5208,ESTUFA ESQUELETO 58x70 VZ
5209,ESTUFA ESQUELETO MODELO MOVEIS 20 ASSAD
5210,Estufa esqueleto PD p/20 assd 40x80 VZ
5211,Estufa esqueleto PD p/20 assd 62x36 VZ
5212,Estufa esqueleto PD p/20 assd 62x36 VZ
5213,Estufa esqueleto PD p/40 assd 62x36 VZ
5214,ESTUFA GIRATORIA TITA
5215,ESTUFA IMECA PÃO FRANCÊS VAZIO EPOXI
5216,"ESTUFA INOX GELOPAR 0,60"
5217,ESTUFA MARCHESONI 14 BAND VIDRO RETO
5218,ESTUFA MARCHESONI 4 BANDEJAS 
5219,ESTUFA METALMAQ  3 BAND VIDRO CURVO INOX
5220,ESTUFA METALMAQ  5 BAND VIDRO CURVO INOX
5221,ESTUFA METALMAQ 10 BAND VIDRO CURVO INOX DUPLA
5222,ESTUFA METALMAQ 12 BAND VIDRO CURVO INOX DUPLA
5223,ESTUFA METALMAQ 4 BAND VIDRO CURVO INOX
5224,ESTUFA METALMAQ 6 BAND VIDRO CURVO INOX
5225,ESTUFA METALMAQ 6 BAND VIDRO CURVO INOX DUPLA
5226,ESTUFA METALMAQ 6 BANDEJAS V. CURVO
5227,ESTUFA METALMAQ 8 BAND VIDRO CURVO INOX DUPLA
5228,ESTUFA METALMAQ 8 BAND VIDRO CURVO INOX DUPLA
5229,ESTUFA ÔMEGA 12 BANDEJAS V.RETO LED
5230,ESTUFA P/40 ASSAD VZ ANTIGA
5231,Estufa pão doce +40 assad ALUM semi-nova
5232,Estufa pão doce +40 assad fl semi-nova
5233,ESTUFA PÃO DOCE VZ P/20 ASSAD
5234,ESTUFA PÃO FRANÇÊS COMPLETA
5235,ESTUFA PÃO FRANCÊS P/20 TELAS VAZIA S/PINT
5236,"ESTUFA PD C/ 40ASSAD 36x62x3,5 PINT EPOXI COMPL"
5237,"Estufa PD p/20 assad 36x62x3,5 Vz pint epoxi"
5238,ESTUFA PD-20 58x70 COMPLETO
5239,ESTUFA PD-20 VIPÃO VAZIO
5240,ESTUFA PF C/ 20ASSAD 58x70CM 5 TIRAS 7CM PINT EPOX
5241,ESTUFA SO ACO 03 BANDEJAS INOX
5242,ESTUFA SO ACO PF VZ P/20 ASSAD 5 TIRAS
5243,ESTUFA SO ACO PF VZ P/40 ASSAD 4 TIRAS
5244,ESTUFA SÓACO 06 BANDEJAS V. CURVO
5245,ESTUFA SOACO 10 BANDEJAS V. CURVO
5246,ESTUFA SOACO 2 BAND. INOX V. RETO
5247,ESTUFA TITÃ GOLD 6 BANDEJAS C/LED
5248,ESTUFA TITA10 BAND VIDRO CURVO
5249,ESTUFA VAZIA P/ 20 ASSADEIRAS 58x70CM - PINT. EPOX
5250,ESTUFA VENANCIO PF VZ P/20 ASSAD 58X70CM
5251,ESTUFA VENÂNCIO SELF SERVICE 10 CUBAS 220V
5252,ESTUFA VERTICAL INOX PROGAS 220V
5253,ESTUFA VIT M MOVEIS C/10 BAND INOX VIDRO CURVO
5254,ESTUFA VIT M MOVEIS C/10 BAND INOX VIDRO RETO
5255,ESTUFA VIT M MOVEIS C/12 BAND INOX VIDRO RETO
5256,ESTUFA VIT M MOVEIS C/3 BAND INOX VIDRO CURVO
5257,ESTUFA VIT M MOVEIS C/3 BAND INOX VIDRO RETO
5258,ESTUFA VIT M MOVEIS C/4 BAND INOX VIDRO CURVO
5259,ESTUFA VIT M MOVEIS C/4 BAND INOX VIDRO RETO
5260,ESTUFA VIT M MOVEIS C/6 BAND INOX VIDRO CURVO
5261,ESTUFA VIT M MOVEIS C/6 BAND INOX VIDRO RETO
5262,ESTUFA VIT M MOVEIS C/8 BAND INOX VIDRO CURVO
5263,ESTUFA VIT M MOVEIS C/8 BAND INOX VIDRO RETO
5264,ESTUFA VIT SO ACO C/10 BAND INOX VIDRO CURVO
5265,ESTUFA VIT SO ACO C/10 BAND INOX VIDRO RETO
5266,ESTUFA VIT SO ACO C/3 BAND INOX VIDRO CURVO
5267,ESTUFA VIT SO ACO C/3 BAND INOX VIDRO RETO
5268,ESTUFA VIT SO ACO C/4 BAND INOX VIDRO CURVO
5269,ESTUFA VIT SO ACO C/4 BAND INOX VIDRO RETO
5270,ESTUFA VIT SO ACO C/6 BAND INOX VIDRO CURVO
5271,ESTUFA VIT SO ACO C/6 BAND INOX VIDRO RETO
5272,ESTUFA VIT SO ACO C/8 BAND INOX VIDRO CURVO
5273,ESTUFA VIT SO ACO C/8 BAND INOX VIDRO RETO
5274,ESTUFA W 3B  220V
5275,ESTUFA W 5B 220V
5276,ESTUFA W 6B 220V
5277,ESTUFA W 6BD 220V
5278,ETIQUETADOR MS-2 C&F BRANCO
5279,ETIQUETADORA 2 LINHAS MX2316 FIXXAR
5280,ETIQUETADORA OPEN C8
5281,EXAUSTOR 30CM 220V EXTRA LUXO
5282,EXAUSTOR 40CM 220V EXTRA LUXO
5283,EXAUSTOR 50CM 220V EXTRA LUXO
5284,EXAUSTOR COLOMBO 300MM COMPLETO 220V
5285,EXAUSTOR COLOMBO 400MM COMPLETO 220V
5286,EXAUSTOR COLOMBO 500MM COMPLETO 220V
5287,EXAUSTOR DE AR 50CM LOREN-SID
5288,EXAUSTOR EOLICO 
5289,EXAUSTOR EOLICO  610MM
5290,EXAUSTOR PAREDE 25 CM BIV VENTIDELTA
5291,EXAUSTOR PAREDE 30 CM BIV VENTIDELTA
5292,EXAUSTOR PAREDE 40 CM BIV VENTIDELTA
5293,EXAUSTOR PAREDE 50 CM BIV VENTIDELTA
5294,EXAUSTOR TRON AXIAL BIVOLT 250MM BRANCO
5295,EXAUSTOR TRON AXIAL BIVOLT 250MM CROMADO
5296,EXAUSTOR TRON AXIAL IND MONOVOLT 220V 300MM GRAFIT
5297,EXAUSTOR TRON AXIAL IND MONOVOLT 220V 400MM GRAFIT
5298,EXAUSTOR TRON AXIAL IND MONOVOLT 220V 500MM GRAFIT
5299,EXAUSTOR VITALEX 300MM COMPLETO 220V
5300,EXAUSTOR VITALEX 400MM COMPLETO 220V
5301,EXAUSTOR VITALEX 500MM COMPLETO 220V
5302,EXPOSITOR ACOUGUE TOP 1500 ESP CONF EAT1500
5303,EXPOSITOR AUTO SERVICO TERMISA 1 METRO 4 PORTAS
5304,EXPOSITOR DE CHAPAS VENANCIO 1545MM
5306,Expositor epoxi c/08 assad dv
5307,EXPOSITOR EPOXI VZ P/10 ASSAD
5308,EXPOSITOR ESMALTEC 1 PORTA 492 L
5309,EXPOSITOR ESMALTEC 575L PORTA DE VIDRO
5310,EXPOSITOR FRICON D. AÇÃO CVIP50 VERT 220V
5311,EXPOSITOR FRICON PADRAO VERT 284 220V
5312,"EXPOSITOR GELOPAR 1,75m GGEXR 175A"
5313,Expositor Gelopar GGEVT-200
5314,EXPOSITOR GGBCD-125A  CURVO GELOPAR
5315,EXPOSITOR GGBQC-125A  QUENTE E FRIO GELOPAR
5316,EXPOSITOR REF AUTO SERVIÇO 4 PORTAS P
5317,EXPOSITOR REF. AUTO SERVIÇO 3 PORTAS
5318,EXPOSITOR REF. AUTO SERVIÇO KIFRIOS 3 PORTAS
5319,EXPOSITOR REF. AUTO SERVIÇO KLIMA 2 PORTAS
5320,EXPOSITOR REF. AUTO SERVIÇO REFRIMATE 5 PORTAS
5321,EXPOSITOR REF. AUTO SERVIÇO SO ACO 2 PORTAS
5322,EXPOSITOR REF. AUTO SERVIÇO SOACO  3 PORTAS
5323,EXPOSITOR REF. FRICON AUTO-SERVICO ACFM1000 220V
5324,EXPOSITOR REF. FRICON AUTO-SERVICO ACFM1450 220V
5325,EXPOSITOR REF. FRICON BRANCO VERT 402 220V
5326,EXPOSITOR REF. FRICON CERVEJA VCFC433 220V
5327,EXPOSITOR REF. FRICON CERVEJA VCFC569 220V
5328,EXPOSITOR REF. FRICON CERVEJA VERT431 220V
5329,EXPOSITOR REF. FRICON PADRAO VERT 565 220V
5330,EXPOSITOR REF. FRICON PADRAO VERT402 220V
5331,EXPOSITOR REF. FRICON PADRAO VERT569L 220V
5332,EXPOSITOR REF. FRICON PRETO PADRAO VERT 565 220V
5333,EXPOSITOR REF. FRICON PRETO PADRAO VERT 569 220V
5334,EXPOSITOR REF. FRICON PRETO VERT 402 220V
5335,EXPOSITOR REF. GELOPAR GPTU 370/400L
5336,EXPOSITOR REF. IMBERA CERVEJA VERT450 220V
5337,EXPOSITOR REF. IMBERA PADRAO VERT 450 220V
5338,EXPOSITOR REF. IMBERA VERTICAL 284L 220V
5339,EXPOSITOR REF. METALFRIO  PRETO 400 L
5340,EXPOSITOR REF. METALFRIO PORTA VIDRO 500 L
5341,EXPOSITOR REF. REFRIMATE 4 PORTAS AR FORÇADO
5342,"EXPOSITOR REF. REFRIMATE ACOUGUE TOP G 1,5M"
5343,EXPOSITOR REF. TERMISA PADRAO VERT 284 220V
5344,EXPOSITOR REFRIG SOACO 2 PORTAS 220V
5346,EXPOSITOR REFRIGERADO CONSERVEX 1 PORTA
5347,EXPOSITOR REFRIGERADO METALFRIO 1 PORTA 700L
5349,EXPOSITOR REFRIMAR ILHA CONGELADO VERMELHA 3M 220V
5350,EXPOSITOR REFRIMATE 2 PORTAS 1240M FRIOS E LAT 
5351,EXPOSITOR REFRIMATE 3 PORTAS
5352,EXPOSITOR REFRIMATE 3 PORTAS 2M FRIOS E LAT CINZA
5353,EXPOSITOR REFRIMATE ACOUGUE STANDARD 1500
5354,EXPOSITOR SO ACO 02 PORTAS AR-FORÇADO
5355,EXPOSITOR TERMISA CONGELAMENTO 560L PORTA VIDRO
5356,EXPOSITOR TERMISA REFRIGERADO 3 PORTAS
5357,EXPOSITOR VENAX 1 PORTA 400 L
5358,Expositor Vertical Gemini Top GEVT-350
5359,EXPOSITOR VIT. 03 PORTAS C/ BAND INOX DUPLO
5361,EXTINTOR DE INCENDIO-ÁGUA C/SINALIZAÇÃO
5366,EXTRATOR DE SUCO COLOMBO POWER
5367,EXTRATOR DE SUCO FAK MÉDIO INOX ALTA ROTAÇÃO
5368,EXTRATOR DE SUCO FAK PEQUENO INOX ALTA ROTAÇÃO
5369,Extrator de suco Metvisa ESSP
5370,EXTRATOR DE SUCO SIEMSEN GR
5372,EXTRATOR DE SUCOS ES
5373,EXTRATOR DE SUCOS ESB
5374,EXTRATOR SUCO  VITALEX PEQUENO LUXO INOX
5375,EXTRATOR SUCO COLOMBO INDUSTRIAL 1/2
5376,EXTRATOR SUCO COLOMBO INDUSTRIAL POWER
5377,EXTRATOR SUCO COLOMBO PEQUENO BIV
5378,EXTRATOR SUCO METAL FERREIRA GR INOX
5379,EXTRATOR SUCO METAL FERREIRA MEDIO INOX
5380,EXTRATOR SUCO METAL FERREIRA PEQUENO INOX
5381,EXTRATOR SUCO METVISA ESP
5382,EXTRATOR VITALEX GRANDE SUPER LUXO
5383,EXTRATOR VITALEX MEDIO INOX LUXO
5448,FATIADEIRA  DE PÃO FP-12 METVISA
5449,FATIADEIRA DE PAES METVISA
5450,FATIADEIRA DE PÃES METVISA C/DESCASCADOR
5451,FATIADEIRA DE PÃES SIAM
5452,FATIADEIRA DE PÃES SUPERFECTA ANTIGA
5453,FATIADEIRA DE PAO PERFECTA
5454,FATIADEIRA G. PANIZ FP-12 CPM DESCASCADOR
5455,FATIADEIRA PÃO FPS 12 EPOXI MONO 220V 60HZ
5457,FATIADOR DE FRIOS FILIZOLA SEMI-AUTOMÁTICO
5458,FATIADOR DE LEGUMES VITALEX 2 DISCOS PLUS
5632,FOG. GÁS 2B FORNO E2F
5633,FOG. GAS 40 2B 2BD C/PE - M2PD
5634,FOG. GAS 6B 3BD VENANCIO- E6D3
5635,FOGAO  VENANCIO 6 BOCAS 3 DUPLAS
5636,Fogão c/2bocas s/forno L econ.
5637,Fogão c/4bocas s/forno L econ.
5638,FOGÃO COM 2 BOCAS C/FORNO
5639,FOGÃO COM 2 BOCAS S/FORNO
5640,FOGAO GAS 1B VENANCIO  C/ PE - E1P
5641,FOGAO GAS 2B 2BD C/PE - E2PD
5642,FOGAO GAS 2B 2BD FORNO - E2FD2
5643,FOGAO GAS 2B 2BD FORNO - E2FD2
5644,FOGAO GAS 2B C/PE - E2P
5645,FOGAO GAS 2B S/PE - E2
5646,FOGAO GAS 2BOCAS PORTATIL
5647,FOGAO GAS 3B VENANCIO C/PE - E3P
5648,FOGAO GAS 40 3B 3BD C/PE - M3PD
5649,FOGAO GAS 4B 2BD FORNO - E4FD2
5650,FOGAO GAS 4B VENANCIO FORNO - E4F
5651,FOGAO GAS 6B - E6
5652,FOGAO GAS 6B 3BD FORNO - E6FD3
5653,FOGAO GAS 6B 3BD FORNO CHAPA - E6FCD3
5654,FOGAO GAS 8B 4BD VENANCIO FORNO - E8FD4
5655,FOGAO GAS COZ MOD EXTRA VENANCIO BM
5656,FOGAO GAS CROYDON INDUSTRIAL 4 BOCAS 2 DUPLAS
5657,FOGAO GAS FUNCIONAL 4B VENANCIO 2BD C/ PE - FF4D2P
5658,FOGAO GAS FUNCIONAL 6B VENANCIO 3BD FORNO - FF6D3F
5659,FOGAO GAS FUNCIONAL VENANCIO  4B 2BD FORNO - FF4D2
5660,FOGAO GAS FUNCIONAL VENANCIO  4B FORNO - FF4F
5661,FOGAO GAS MOD BRAVO 2B - BR2B
5662,FOGAO GAS MOD BRAVO 2B FORNO - BR2BF
5663,FOGAO GAS MOD BRAVO VENANCIO 4B FORNO
5664,FOGAO GAS MOD BRAVO VENANCIO 6B FORNO - BR6BF
5665,FOGAO GAS MODULO MAXI VENANCIO 40 2B 2BD MM2D
5666,FOGAO GAS MODULO MAXI VENANCIO 40 4B 4BD MM4D
5667,FOGAO GAS MODULO MAXI VENANCIO 40 BM MMB
5668,FOGAO GAS MODULO MAXI VENANCIO 40 CH MMC
5669,FOGAO GAS VENANCIO 2B C/PE  - E2P
5670,FOGAO GAS VENANCIO 3B 2BD C/PE E3PD2
5671,FOGAO GAS VENANCIO 3B 3BD C/PE - E3PD3
5672,FOGAO GAS VENANCIO 40 2B C/PE - M2P
5673,FOGAO GAS VENANCIO 40-P10 AP 3B C/PE
5674,FOGAO IND CEFAZ GAS 1B - ALTA P. 30x30 PERFIL 5
5675,FOGAO IND CEFAZ GAS 2B - ALTA P. 30x30 GOLD
5676,FOGAO IND CEFAZ GAS 2B - ALTA P. 30x30 GOLD INOX
5677,FOGAO IND CEFAZ GAS 2B - ALTA P. 30x30 PERFIL 5
5678,FOGAO IND CEFAZ GAS 2B - BAIXA P. 30x30 GOLD
5679,FOGAO IND CEFAZ GAS 2B - BAIXA P. 30x30 PERFIL 5
5680,FOGAO IND CEFAZ GAS 2B - BAIXA P. 40x40 GOLD
5681,FOGAO IND CEFAZ GAS 2B - BP 30x30 GOLD INOX 430
5682,FOGAO IND CEFAZ GAS 3B - ALTA P. 30x30 GOLD
5683,FOGAO IND CEFAZ GAS 3B - ALTA P. 30x30 GOLD INOX
5684,FOGAO IND CEFAZ GAS 3B - ALTA P. 30x30 PERFIL 5
5685,FOGAO IND CEFAZ GAS 3B - BAIXA P. 40x40 GOLD
5686,FOGAO IND CEFAZ GAS 4B - ALTA P. 30x30 GOLD
5687,FOGAO IND CEFAZ GAS 4B - ALTA P. 30x30 GOLD INOX
5688,FOGAO IND CEFAZ GAS 4B - ALTA P. 30x30 PERFIL 5
5689,FOGAO IND CEFAZ GAS 4B - AP 30x30 GOLD INOX 304
5690,FOGAO IND CEFAZ GAS 4B - BAIXA P. 30x30 GOLD
5691,FOGAO IND CEFAZ GAS 4B - BAIXA P. 40x40 GOLD
5692,FOGAO IND CEFAZ GAS 4B - BP 30x30 GOLD INOX 304
5693,FOGAO IND CEFAZ GAS 4B - BP 30x30 GOLD INOX 430
5694,FOGAO IND CEFAZ GAS 4B - BP 30x30 PERFIL 5
5695,FOGAO IND CEFAZ GAS 5B - BAIXA P. DIAMOND
5696,FOGAO IND CEFAZ GAS 6B - ALTA P. 30x30 GOLD INOX 
5697,FOGAO IND CEFAZ GAS 6B - ALTA P. 30x30 PERFIL 5
5698,FOGAO IND CEFAZ GAS 6B - BAIXA P. 30x30 GOLD
5699,FOGAO IND CEFAZ GAS 6B - BP 30x30 GOLD INOX 304
5700,FOGAO IND CEFAZ GAS 6B - BP 30x30 GOLD INOX 430
5701,FOGAO IND CEFAZ GAS 6B - BP 30x30 PERFIL 5
5702,FOGAO IND CEFAZ GAS 8B - BAIXA P. 30X30 GOLD
5703,FOGAO IND CEFAZ GAS 8B - BAIXA P. 40x40 GOLD
5704,FOGAO IND GAS PROGAS BP 1 BS 1BDP SEM FORNO
5705,FOGAO IND GAS SOAÇO 4 BOCAS
5706,FOGAO IND GAS SOAÇO 4 BOCAS COM FORNO
5707,FOGAO IND SOACO  02 BOCAS DUPLAS SEM FORNO
5708,FOGAO IND SOACO 03 BOCAS DUPLAS SEM FORNO
5709,FOGAO IND SOACO 4 BOCAS DUPLAS COM FORNO CHAPA
5710,FOGAO IND SOACO 6 BOCAS E FORNO
5711,FOGAO IND TRON N.E 1 BOCA 1QS 20X20 GRAFITE
5712,FOGAO IND TRON N.E 2 BOCAS 1QS 1QD P/P GRAFITE
5713,FOGAO IND TRON N.E 2 BOCAS 2QD P/P GRAFITE
5714,FOGAO IND TRON N.E 3 BOCAS 1QS 2QD P/P GRAFITE
5715,FOGAO INDUSTRIAL 2 BOCAS
5716,FOGÃO INDUSTRIAL B. PRESSAO 3 BOCAS 
5717,Fogão industrial FI-2B inox
5718,FOGAO M MOVEIS IND 4B MM-FSI04
5719,FOGAO M MOVEIS IND 6B MM-FSI06
5720,FOGAO PROGAS BP 2BS 2BDP
5721,FOGAO PROGAS BP 4BS
5722,FOGAO PROGAS BP MODULO CH INOX 
5723,FOGÃO PROGÁS INOX 40X40 6 BOCAS DUPLAS
5724,FOGAO PROGAS INOX BP 4 BOCAS
5725,FOGAO PROGAS INOX1 BOCA 
5726,FOGÃO SÓ AÇO 40X40 3 BOCAS DUPLAS
5727,FOGÃO SO ACO GAS 40 X 40 4 BOCAS + 2 CHAPAS
5728,FOGAO TRON IND N.E 4 BOCAS 2QS 2QD P/P GRAFITE
5729,FOGAO VENANCIO GAS  40 2B 2BD C/PE - M2PD2
5730,FOGAO VENANCIO GAS 1B 1BD C/PE - E1D1P
5731,FOGAO VENANCIO GAS 1B BD C/PE - E1PD
5732,FOGAO VENANCIO GAS 2B 1BD C/PE - E2D1P
5733,FOGAO VENANCIO GAS 2B 2BD FOR  - E2PFD2
5734,FOGAO VENANCIO GAS 2B E2C
5735,FOGAO VENANCIO GAS 40 4B 4BD - M4D4
5736,FOGAO VENANCIO GAS 40 6B 3BD FOR-M6FD3
5737,FOGAO VENANCIO GAS 4B - E4
5738,FOGAO VENANCIO GAS COZ MOD EXTRA  4B 2BD
5739,FOGAO VENANCIO GAS COZ MOD EXTRA 2B 1BD
5740,FOGAO VENANCIO GAS COZ MOD EXTRACH
5741,FOGAO VENANCIO GAS EX INOX 30 4B 2BD ESP FOR
5742,FOGAO VENANCIO GAS EX INOX 30 8B 4BD ESP FOR
5743,FOGAO VENANCIO GAS EXTRA 4B 2BD - E4D2
5744,FOGAO VENANCIO GAS EXTRA 4B 2BD ESP FOR - E4D2E
5745,FOGAO VENANCIO GAS EXTRA 6B 3BD C/PE - E6D3P
5746,FOGAO VENANCIO GAS EXTRA 6B 3BD ESP FOR - E6D3E
5747,FOGAO VENANCIO GAS EXTRA 6B 3BD FOR - E6D3F
5748,FOGAO VENANCIO GAS EXTRA INOX 6B 3BD - EI6D3
5749,FOGAO VENANCIO GAS INDUSTRIAL MAXI
5750,FOGAO VENANCIO GAS INOX  VULCAO AP 4B C/PE-VAP4
5751,FOGAO VENANCIO GAS INOX  VULCAO AP 6B C/PE-VAP6
5752,FOGAO VENANCIO GAS INOX 40 3B 3BD C/PE - MI3D3P
5753,FOGAO VENANCIO GAS INOX 40 6B
5754,FOGAO VENANCIO GAS VULCAO AP 1B C/PE - VAP1P
5755,FOGAO VENANCIO GAS VULCAO AP 2B C/PE
5756,FOGAO VENANCIO GAS VULCAO AP 2B C/PE - VAP2P
5757,FOGAO VENANCIO GAS VULCAO AP 3B C/PE - VAP3P
5758,FOGAO VENANCIO GAS VULCAO AP 4B C/PE - VAP4
5759,FOGAO VENANCIO GAS VULCAO AP 6B C/PE - VAP6
5760,FOGAO VENANCIO GAS VULCAO AP INOX 2B C/PE - VAP2P
5761,FOGAO VENANCIO GAS VULCAO AP INOX 3B C/PE - VAP3P
5762,FOGAO VENANCIO GAS VULCAO AP INOX 4B C/PE - VAP4
5763,FOGAO VENANCIO GAS VULCAO AP INOX 6B C/PE - VAP6
6730,FORNO (2542) 120 GÁS MONO 220v 60hz
6731,Forno 150 Gás Mono 220v 60Hz
6732,FORNO A GÁS FT-130 TEDESCO
6733,FORNO A GÁS FTG 120 4B 58X70 220V60HZ
6734,FORNO A GAS GASTROMAQ 80x60
6735,FORNO A GAS PROGAS 90x90
6736,FORNO A GAS PROGAS 90x90 INOX
6737,FORNO A GÁS VENANCIO FIRI110
6739,FORNO DE PIZZA PAULISTINHA GAS AP
6740,FORNO DE PIZZA PEDRA ROTATIVA / CARRINHO
6741,FORNO ELÉTRICO PINTADO 90 220V FEP90
6742,FORNO ELETRICO VENANCIO INOX 90 220V
6743,FORNO GAS BRAVO 1 ASSADEIRA
6744,FORNO GÁS IND BREY 2 90x90
6745,FORNO GAS IND BREY 50x70 C/PEDRA
6746,FORNO GÁS IND BREY 90x60
6747,FORNO GAS IND PINTADO FIP90
6748,FORNO GAS IND PINTADO VENANCIO  FIP110
6749,FORNO GAS IND PINTADO VENANCIO FIP60
6750,FORNO GAS IND PINTADO VENANCIO FIP80
6751,FORNO GAS IND ROMA VENANCIO INOX FIRI110
6752,FORNO GAS INDUSTRIAL VENANCIO 50 PORTA VIDRO F5
6753,FORNO GAS INDUSTRIAL VENANCIO TURBO  FCDT5
6754,FORNO GAS ITAJOBI 60x50
6755,FORNO GAS VENANCIO FIP80
6756,FORNO GAS VENANCIO IND 60 PORTA INOX
6757,FORNO GAS VENANCIO INOX FIRI60
6758,FORNO GIRATÓRIO A GAS PROGAS PRP-241 G4 70KG
6759,FORNO IND C/VAPOR PRP-1500
6760,FORNO IND CEFAZ GAS 100L TAMPA INOX
6761,FORNO IND CEFAZ GAS 60L TAMPA INOX
6762,FORNO IND CEFAZ GAS 80L TAMPA VIDRO
6763,FORNO ITAJOBI A GÁS C/ESTEIRA PARA PIZZA
6764,Forno lastro elétrico FLE-900 220v
6765,FORNO LASTRO GAS FLG450 PG (13369) SIMPLES
6766,FORNO LASTRO GÁS FLG-700
6767,Forno Lastro gás FLG-700 novo
6768,FORNO LASTRO GÁS FLG-900 MANUAL
6769,Forno Lastro gás FLG-900 novo gás
6770,FORNO LASTRO GAS GASTROMAQ FLG450 PG [5637]
6771,FORNO LASTRO GÁS GASTROMAQ FLG900 PG (5507)
6772,FORNO LASTRO GAS TEDESCO 6 ASSAD
6773,FORNO LASTRO LENHA 12 ASSADEIRAS
6774,FORNO LASTRO LENHA 24 ASSADEIRAS
6775,Forno Lenha 10 esteiras (2258) FTL10T 220v 60hz
6776,Forno Lenha FTL10 FTL10T 220v 60Hz
6777,FORNO LENHA TEDESCO BIVOLT (4863) - FN - 10FT
6778,Forno microondas 30L BMS45ABBNA ative BC BRASTEMP
6779,FORNO MICROONDAS MIDEA
6780,FORNO P/ PÃO E CHAPA BIFETEIRA 100x500
6781,Forno p/pão e chapa bifeteira md 70x30cm
6782,FORNO P/PÃO E SAND. C/PRENSA INOX
6783,FORNO PROGÁS 1 ASSADEIRA INOX
6784,FORNO PROGAS ELETRICO TURBO PLUS PRP-004 220V
6785,FORNO PROGAS ELETRICO TURBO PRP-004 220V
6786,FORNO PROGAS GAS INOX  C/PE PRP-900
6787,FORNO PROGAS MINI CHEFE 220V 
6788,FORNO PROGAS MINI CHEFE 220V 
6789,FORNO PROGAS SEMI INDUSTRIAL INOX
6790,Forno rotativo gás PR-630 220v
6791,FORNO SOACO GAS IND PRP-770 INOX
6792,FORNO SOACO GAS IND PRP-900 INOX
6793,FORNO TEDESCO A GAS BIVOLT
6794,Forno Tedesco forn. traz flex FTFL-08FT
6796,FORNO TURBO ELET. VENANCIO 10 ASSAD 380V TRIF
6797,FORNO TURBO GAS COOPERBAND 10 ASSAD
6798,FORNO TURBO GAS G PANIZ 300 MONO 220V 60HZ
6799,FORNO TURBO GAS G PANIZ FTG 100
6800,FORNO TURBO GAS G PANIZ FTG 120
6801,FORNO TURBO GAS G PANIZ FTG 120
6802,FORNO TURBO GAS G PANIZ FTG 150
6803,FORNO TURBO GAS G PANIZ FTG 150
6804,FORNO TURBO GAS G PANIZ FTG 300
6805,FORNO TURBO GAS G PANIZ FTG 300
6806,FORNO TURBO GAS G PANIZ FTG 80
6807,FORNO TURBO GAS G PANIZ FTG 80
6808,FORNO TURBO GAS GASTROMAQ  10 ASSAD
6809,FORNO TURBO GAS GASTROMAQ 4 ASSAD
6810,FORNO TURBO GAS GASTROMAQ 5 ASSAD
6811,FORNO TURBO GAS GASTROMAQ FTG-4 220V
6812,FORNO TURBO GAS MONTE CASTELO 10 ASSAD
6813,FORNO TURBO GAS PERFECTA 6 ASSADEIRAS
6814,FORNO TURBO GAS PROGAS 10 ASSAD
6815,FORNO TURBO GAS PROGAS 12 ASSAD
6816,FORNO TURBO GAS PROGÁS 5 ASSADEIRAS
6817,FORNO TURBO GAS PROGAS PRP 220W 50/60HZ
6818,FORNO TURBO GAS PROGAS PRP-10000ST
6819,FORNO TURBO GAS TEDESCO 10 ASSAD
6820,FORNO TURBO GAS TEDESCO FTG-150
6821,FORNO TURBO GAS TEDESCO FTT-240
6822,FORNO TURBO GAS VENANCIO 10 ASSAD
6823,FORNO TURBO GAS VENANCIO 10 ASSAD FTDG10
6824,FORNO TURBO GAS VENANCIO 5 ASSAD FVT5D
6825,FORNO TURBO GAS VENANCIO 5 ASSAD FVT5D
6826,FORNO TURBO GAS VENANCIO CURVELINE 10E 220V
6827,FORNO TURBO GAS VENANCIO CURVELINE 10E 220V.
6828,FORNO TURBO GAS VENANCIO CURVELINE 5EST 220V
6829,FORNO TURBO GAS VENANCIO ORANGE  10 EST
6830,FORNO TURBO LENHA GASTROMAQ 10 ASSADEIRAS
6831,FORNO TURBO LENHA MAQFORNO 08 ASSAD
6832,FORNO TURBO LENHA PROGÁS 10 ASSAD
6833,FORNO TURBO LENHA PROGAS BIV 10 ASSAD 
6834,FORNO TURBO LENHA TEDESCO 10 ASSAD LOPADEIRO
6835,FORNO TURBO LENHA TEDESCO 10 ASSAD.
6836,FORNO TURBO LENHA TEDESCO 270 NV
6837,FORNO TURBO LENHA TEDESCO 8 ASSAD LOPADEIRO
6838,FORNO TURBO LENHA TEDESCO 9 ASSAD.
6839,FORNO TURBO LENHA TEDESCO BIVOLT 300FT - FTT
6840,FORNO TURBO LENHA TEDESCO BIVOLT FTT-300FF
6841,FORNO TURBO LENHA TEDESCO FLEX  FTFL 09FT
6842,FORNO TURBO LENHA TEDESCO FTT300FT
6843,FORNO TURBO LENHA VENANCIO 05 ASSAD
6844,FORNO TURBO LENHA VENANCIO FCLTA10 10 ASSAD
6845,FORNO VENANCIO 90 X 60 CM 220 V
6846,FORNO VENANCIO A GAS 90x90 PINTADO
6847,FORNO VENANCIO ELETRICO ROMA INOX 90x90 220V
6848,FORNO VENANCIO ELETRICO ROMA INOX FERI110
6849,FORNO VENANCIO ELETRICO ROMA INOX FERI60
6850,FORNO VENANCIO ELETRICO ROMA INOX FERI80
6851,FORNO VENANCIO ELETRICO ROMA INOX FERI90
6852,FORNO VENANCIO FIP-110 220V
6853,FORNO VENANCIO GAS COM PE MOD 50
6854,FORNO VENANCIO GAS IND 70 INOX P/ FOGAO MAXI
6855,FORNO VENANCIO GAS IND ROMA INOX 110 FIRI110
6856,FORNO VENANCIO GAS IND ROMA INOX 60 FIRI60
6857,FORNO VENANCIO GAS IND ROMA INOX 80 FIRI80
6858,FORNO VENANCIO GAS IND ROMA INOX 90 FIRI90
6859,FORNO VENANCIO GAS MOD BRAVO C/PE - BRFP
6860,FORNO VENANCIO GAS MOD BRAVO C/PE AMARELO
6861,FORNO VENANCIO GAS MOD BRAVO C/PE VERMELHO
6862,FORNO VENANCIO GAS TB CURV ORANGE 5 EST
6863,FORNO VENANCIO SMART 220V
6864,FORNOTURBO LENHA TEDESCO FORN TRAZ FTFL-10FT
6868,FREEZER ELETROLUX 500L
6869,FREEZER ELETROLUX H160
6870,FREEZER ESMALTEC 180L TAMPA DE VIDRO
6871,FREEZER ESMALTEC 250L TAMPA DE VIDRO
6872,FREEZER ESMALTEC HORIZONTAL 320L
6873,FREEZER HORIZ ESMALTEC EFH250
6875,FREEZER HORIZONTAL CONSUL 414 L
6876,FREEZER HORIZONTAL CONSUL 530L
6877,FREEZER HORIZONTAL ELETROLUX 350L
6878,FREEZER HORIZONTAL ESMALTEC 460L
6879,FREEZER HORIZONTAL ESMALTEC EFH350
6880,FREEZER HORIZONTAL ESMALTEC TAMPA DE VIDRO 200LT
6881,FREEZER HORIZONTAL ESMALTEC TAMPA DE VIDRO 300LT
6882,FREEZER HORIZONTAL FRICON 216LT
6883,FREEZER HORIZONTAL FRICON 411LT
6884,FREEZER HORIZONTAL FRICON 420L TAMPA DE VIDRO
6885,FREEZER HORIZONTAL FRICON 503LT
6886,FREEZER METALFRIO TAMPA VIDRO 180L
6887,FREEZER VERT PORTA CEGA DP ACAO 575LTS
6889,FRITADEIRA ÁGUA E ÓLEO BECKER 30 LITROS
6890,FRITADEIRA ÁGUA E OLEO COLOMBO 15L 220V
6891,FRITADEIRA AGUA E ÓLEO ECCEL
6892,FRITADEIRA ÁGUA E ÓLEO MARCHSONI 220V
6893,FRITADEIRA ÁGUA E ÓLEO METALCUBAS 220V
6894,FRITADEIRA ÁGUA E ÓLEO METVISA FIE-20
6895,FRITADEIRA AGUA E OLEO PROGAS PR2000 BGP
6896,FRITADEIRA AGUA OLEO PROGAS PR2000 INOX
6897,FRITADEIRA CEFAZ GAS 1 CUBA B. PRESSÃO
6898,FRITADEIRA CEFAZ GAS 2 CUBA B. PRESSÃO
6899,FRITADEIRA ECCEL ELETRICA 20L 220V
6900,Fritadeira elet A&O 18L mesa 220v SFAO4
6901,FRITADEIRA ELETRICA 3L 1600W 220V
6902,FRITADEIRA ELETRICA 5L 2500W 220V C/TAMPA
6903,FRITADEIRA ELÉTRICA INOX FSC
6904,FRITADEIRA ELETRICA OLEO 1CB PROGAS PR10E
6905,FRITADEIRA ELETRICA OLEO 2CB 1/2 VENANCIO SFE212
6906,FRITADEIRA ELETRICA OLEO 2CB PROGAS PR20E
6907,FRITADEIRA ELETRICA OLEO VENANCIO 1CB 1/2 SFE112
6908,FRITADEIRA ELETRICA PROGAS TACHO 3L 220V
6909,FRITADEIRA ELETRICA PROGAS TACHO 7L  220V
6910,FRITADEIRA GAS KENT COM PE PEQUENO
6911,FRITADEIRA GAS OLEO PROGAS 1CB  3CESTOS PR30G
6912,FRITADEIRA GAS OLEO PROGAS 2CB PR20G
6913,FRITADEIRA GAS OLEO VENANCIO 1CB 1/2 SFG112
6914,FRITADEIRA GAS OLEO VENANCIO 2 CUBAS
6915,FRITADEIRA GAS OLEO VENANCIO 2CB 1/2 SFG212
6916,FRITADEIRA GAS PROGAS  1 CB 3 CESTOS 
6917,FRITADEIRA GAS PROGAS TACHO 3L
6918,FRITADEIRA GAS PROGAS TACHO 7L  PR-70G
6919,FRITADEIRA GAS VENANCIO TC GRAN C/CESTO 7L TGG
6920,FRITADEIRA GAS VENANCIO TC PEQUENO 3L TGP
6921,FRITADEIRA IND. METVISA FIE-20
6922,FRITADEIRA POWER COLOMBO 7L 220V
6923,FRITADEIRA PROGÁS ÁGUA E ÉLEO 18LT 220V
6924,FRITADEIRA PROGÁS ÁGUA E ÉLEO PR3000 BPG
6925,FRITADEIRA PROGÁS ÁGUA E OLEO 18LT GAS
6926,FRITADEIRA PROGAS AGUA E OLEO 19L 220V
6927,FRITADEIRA TACHO ELETR AGUA/OLEO TFAOE40 CG 220v
6928,FRITADEIRA VENANCIO AGUA E OLEO SFA05
6929,FRITADEIRA VENANCIO NEW A&O AP 30L
6930,FRITADOR CUBA FRCE-04 220V 4 LITROS
6931,FRITADOR CUBA FRCE-08 220V 8 LITROS
6932,FRITADOR CUBA FRCG-08 GÁS
6933,FRITADOR CUBA GÁS (1526) FRCG8
6934,FRITADOR CUBA GÁS FRCG8 (1526)
6935,Fritador gás AP10L mesa FAPM-10
6936,FRITADOR GAS OLEO 1CB 1/1 VENANCIO SFG-111
6937,FRITADOR GAS PROGAS  2 CUBAS
6938,FRITADOR METALCUBAS CUBA ELETR. (10336) FRCE8 220V
6992,FURADEIRA DE BANCADA MOTOR 1/2CV
6993,FURADOR DE COCO MANUAL
7046,GARAPEIRA LUXO FC2 MOENDA INOX
7078,GELADEIRA BRASTEMP BIPLEX 340L
7079,GELADEIRA BRASTEMP BIPLEX 461L INOX
7080,GELADEIRA BRASTEMP BIPLEX 588L INVERSE
7081,GELADEIRA CONSUL 1 PORTA FROST FREE 324L
7082,GELADEIRA ELETROLUX BIPLEX 340L
7083,GELADEIRA REFRIMATE CONGELADOS 350L
7084,GELADEIRA REFRIMATE CONGELADOS 700L 
7106,"GERADOR BRANCO 2,5kW 220v GASOLINA"
7107,"GERADOR BRANCO B4T 6500E 5,5KVA MONO"
7108,"GERADOR MOTOMIL 2,5kW 220v GASOLINA"
7109,"GERADOR TRIFASICO KOHLBACH 12,5KWA 380V"
7199,"GOMO DE CENTRO PLUS 1,25m 40x30 VERM ACRIL"
7200,"GOMO DE CENTRO PLUS 1,60m 40x30 AZUL ACRIL"
7201,"GOMO DE CENTRO PLUS 1,60m 40x30 VERMELHO ACRILICO"
7202,"GOMO DE PAREDE PLUS 1,6m 40x30 BASE+3BAND AZUL ACR"
7203,GÔND CENTRAL CONT. C/10 PRAT. 160x97x44 L. ECON
7204,"GÔND, CENTRAL INIC C/10 PRAT 160x97x44 L ECON"
7205,Gônd. central ini melam. c/10prat 160x97x80
7206,Gônd. parede cont melam. c/05prat 160x97x44
7207,Gônd. parede ini melam. c/05prat 160x97x44
7208,"GONDOLA 1,2x2m 8 BANDEJAS"
7209,"Gôndola cabeçeira/aço 10 prat 1,60x80x44 L econ"
7210,GONDOLA CENTRAL CONT C/10PRAT.B40 160X97
7211,"Gôndola central cont/aço 10 prat 1,60x97x40 L econ"
7212,"Gôndola central inic/aço 10 prat 1,60x97x40 L econ"
7213,"GÔNDOLA DE CENTRO INICIAL PLUS 1,60 40x30"
7214,"GONDOLA DE CENTRO PLUS 1,25m 40x30 VERM ACRIL"
7215,"GONDOLA DE CENTRO PLUS 1,60m 40x30 AZUL ACRIL"
7216,"GONDOLA DE PAREDE PLUS 1,6m 40x30 AZUL ACRIL"
7217,GÔNDOLA DE PAREDE SÓ AÇO
7219,GONDOLA INICIAL DE PAREDE 1m
7222,GONDOLA M MOVEIS CENTRAL CONTINUACAO 130 X 97
7223,GONDOLA M MOVEIS CENTRAL INICIAL 130x97
7224,GONDOLA M MOVEIS PAREDE CONT 160 X 97
7225,GONDOLA M MOVEIS PAREDE INICIAL 160 X 97
7226,GONDOLA PAREDE CONT. C/6 PRAT. 210X130B-50 PRAT 40
7227,GONDOLA PAREDE INIC C/6 PRAT 210x130 B 50 PT 40
7228,"GONDOLA SA CANTO PLUS 1,6m 40x30 BASE+BAND AZUL"
7229,GONDOLA SO ACO CABECEIRA 130 X 84
7230,GONDOLA SO ACO CABECEIRA 160 X 85
7231,GONDOLA SO ACO CENTRAL CONTINUACAO 130 X 97
7232,GONDOLA SO ACO CENTRAL INICIAL 130 X 97
7233,GONDOLA SO ACO CENTRAL INICIAL 160 X 97
7234,GONDOLA SO AÇO PAREDE CONT. 160 x 97
7235,GONDOLA SO ACO PAREDE INICIAL 160 X 97
7236,Gôndola Sóaço de parede cont c/6 prat 210x130
7237,Gôndola Sóaço de parede inicial c/5 prat 160x97x80
7238,Gôndola Sóaço de parede inicial c/6 prat 210x130
7419,GRILL CROYDON ALUMÍNIO 32x34 GÁS
7420,GRUPO GERADOR BRUSHLESS  15KVA TRIF.
7421,GRUPO GERADOR TOBATA KOLBACH  6KWA TRIF.
7422,"GRUPO GERADOR TOBATA WEG  7,5KWA TRIF."
7423,"GRUPO GERADOR YANMAR BAMBOZI 12,5KWA TRIF."
7424,"GRUPO GERADOR YANMAR KOHLBACH  12,5KWA TRIF."
7459,HD P DESK 320GB 7200RPM SATAII SEAGATE
7479,ILHA PARA CONGELADOS FRIOMAX 3M
7480,ILHA PARA CONGELADOS GELOPAR 2M
7481,ILHA REFRIMATE SUPER TOP 2000
7482,IMP USE-CB II LIGHT PRETA R. 005
7483,IMPRESSORA COD BARRAS L42 DCR USB ELGIN
7484,IMPRESSORA FISCAL DE NÃO IMPACTO TERM FS700L MACHI
7485,IMPRESSORA NAO FISCAL USB ELGIN 19
7636,KIT AUTOMACAO PARA CHECK-OUT
7637,KIT BASICO PARA EXAUSTOR EOLICO
7786,LANTERNA A PROVA DAGUA
7787,LANTERNA CABECA 3 PIL
7813,LEITOR COD BARRAS BOLETO USB LASER S500
7814,LEITOR SYMBOL LS-7708
7830,LIQUIDIFICADOR  METVISA LQ-2
7831,LIQUIDIFICADOR  SPOLU 10L
7832,LIQUIDIFICADOR ALTA ROT LAR-02 MAX VISA
7833,LIQUIDIFICADOR ALTA ROTACAO SLIM 1
7834,LIQUIDIFICADOR BAIXA ROT LAR-2L VISA
7836,LIQUIDIFICADOR BASCULANTE 25L METVISA
7837,LIQUIDIFICADOR BASCULANTE COLOMBO 19 L
7838,LIQUIDIFICADOR BASCULANTE COLOMBO 19 L
7839,LIQUIDIFICADOR BASCULANTE COLOMBO 25 L
7840,LIQUIDIFICADOR BASCULANTE LB-25
7841,LIQUIDIFICADOR BASCULANTE LQ-15 METVISA
7842,LIQUIDIFICADOR BASCULANTE LQ-25 METVISA
7843,LIQUIDIFICADOR BASCULANTE METVISA 19 LT
7844,LIQUIDIFICADOR BASCULANTE POLI 15L
7845,LIQUIDIFICADOR BASCULANTE SIEMSEN 15L
7846,LIQUIDIFICADOR BASCULANTE SPOLU 15 L
7847,LIQUIDIFICADOR BASCULANTE SPOLU 25 L
7848,LIQUIDIFICADOR COLOMBO ALTA ROT 2L
7849,LIQUIDIFICADOR COLOMBO BAIXA ROT 10 L
7850,LIQUIDIFICADOR COLOMBO BAIXA ROT 12 L
7851,LIQUIDIFICADOR COLOMBO BAIXA ROT 2 L
7852,"LIQUIDIFICADOR COLOMBO BAIXA ROT 3,5 L"
7853,"LIQUIDIFICADOR COLOMBO BAIXA ROT 3,5 L"
7854,LIQUIDIFICADOR COLOMBO BAIXA ROT 6 L
7855,LIQUIDIFICADOR COLOMBO BAIXA ROT 8 L
7856,"LIQUIDIFICADOR CROYDON 1,5L"
7857,LIQUIDIFICADOR FAK 2 LITROS
7858,LIQUIDIFICADOR IND FAK 4 LITROS
7859,LIQUIDIFICADOR IND LAR-08
7860,LIQUIDIFICADOR IND LQ- 10 VISA
7861,LIQUIDIFICADOR IND LQ- 4 VISA
7862,LIQUIDIFICADOR IND LQ- 6 VISA
7863,LIQUIDIFICADOR IND LQ- 8 VISA
7864,LIQUIDIFICADOR IND LQL.10 METVISA
7865,LIQUIDIFICADOR IND LQL.4 METVISA
7866,LIQUIDIFICADOR IND LQL.6 METVISA
7867,LIQUIDIFICADOR IND LQL.8 METVISA
7868,LIQUIDIFICADOR IND METVISA 4L
7869,LIQUIDIFICADOR IND VITALEX 10 LTS INOX (UND)
7870,LIQUIDIFICADOR IND VITALEX 2 LTS  ALTA ROT
7871,LIQUIDIFICADOR IND VITALEX 2 LTS INOX (UND) 
7872,LIQUIDIFICADOR IND VITALEX 4 LTS INOX (UND)
7873,LIQUIDIFICADOR IND VITALEX 6 LTS INOX(UND) 
7874,LIQUIDIFICADOR IND VITALEX 8 LTS INOX(UND) 
7875,LIQUIDIFICADOR IND VITALEX ALTA ROT. 2L
7876,LIQUIDIFICADOR IND VITALEX BAIXA ROT. 2L
7877,LIQUIDIFICADOR IND. 02L
7878,LIQUIDIFICADOR IND. LAR-06
7879,LIQUIDIFICADOR IND. LSB-15
7880,LIQUIDIFICADOR IND. LSV-10
7882,LIQUIDIFICADOR INDUSTRIAL LS-04
7883,LIQUIDIFICADOR INDUSTRIAL LS-06
7884,LIQUIDIFICADOR INDUSTRIAL LS-08
7885,LIQUIDIFICADOR INDUSTRIAL LS-10
7886,LIQUIDIFICADOR INDUSTRIAL METVISA 8L
7887,LIQUIDIFICADOR INDUSTRIAL TA-02
7888,LIQUIDIFICADOR KD ELETRO 8 LITROS
7889,LIQUIDIFICADOR METALFERREIRA ALTA ROT 2L
7890,LIQUIDIFICADOR METALFERREIRA BAIXA ROT 10 L
7891,LIQUIDIFICADOR METALFERREIRA BAIXA ROT 2L
7892,LIQUIDIFICADOR METALFERREIRA BAIXA ROT 4L
7893,LIQUIDIFICADOR METALFERREIRA BAIXA ROT 6L
7894,LIQUIDIFICADOR METALFERREIRA BAIXA ROT 8L
7895,LIQUIDIFICADOR METVISA 4 LITROS
7896,LIQUIDIFICADOR METVISA 6 LITROS
7897,LIQUIDIFICADOR METVISA 8 LITROS
7898,"LIQUIDIFICADOR METVISA ALTA ROT 1,5L"
7899,LIQUIDIFICADOR METVISA ALTA ROT LAR 02
7900,LIQUIDIFICADOR SIEMSEN 2L
7901,LIQUIDIFICADOR SIEMSEN BASCULANTE LAR - 15L
7902,LIQUIDIFICADOR SIEMSEN INOX  LS - 10
7903,"LIQUIDIFICADOR SIEMSEN INOX LI - 1,5 L"
7904,LIQUIDIFICADOR SIEMSEN INOX LS - 04
7905,LIQUIDIFICADOR SIEMSEN INOX LS - 06
7906,LIQUIDIFICADOR SIEMSEN INOX LS - 08
7907,"LIQUIDIFICADOR SIEMSEN LI 1,5L"
7908,LIQUIDIFICADOR SPOLU 2 LITROS
7909,LIQUIDIFICADOR TRON 2L
7910,LIQUIDIFICADOR VISA 6L COPO FAK
7927,LONGARINA 3 LUGARES ENCOSTO POLIPROPILENO
8197,MAQUINA  PIPOQUEIRA BRAESI INOX
8198,MAQUINA ALGODAO DOCE BRAESI 1/4CV
8199,MAQUINA CROYDON DE 10 CREPES 220V
8200,MAQUINA DE 06 CREPES MALTA 220V
8201,MAQUINA DE 12 CREPES ADEMAQ 220V
8202,MÁQUINA DE ALGODÃO DOCE
8203,MÁQUINA DE CASQUINHA DE SORV. 1200W 220V MCS
8205,MAQUINA DE CREPES CROYDON CREPITO 10CAV 1800w 220v
8206,MÁQUINA DE CREPES MODELO MOVEIS 220V 12 UND
8207,MAQUINA DE CREPES PROGAS 220V 12UND
8208,MAQUINA DE CREPES PROGAS 220V 6UND
8209,MAQUINA DE CREPES PROGAS A GAS 12UND
8210,MAQUINA DE CREPES PROGAS A GAS 6UND
8211,MAQUINA DE CREPES SOACO 12UND A GAS
8212,MÁQUINA DE CREPES SOACO GAS 12 UND
8344,MESA ARTESANAL COM TAMPO INOX 52X90
8345,"MESA ARTESANAL TAMPO ALUMÍNIO 1,90 x 0,80m"
8346,"MESA ARTESANAL TAMPO MARMORE 2,2m X 1,2m"
8347,"MESA ARTEZANAL TAMPO INOX 2,90x1,20"
8348,Mesa c/1Cuba 50x40x25cm em Aço Inox 304
8349,"Mesa Ind 1,90x0,90 Só Aço"
8350,"Mesa Ind 1,90x0,90cm Pé grosso"
8351,MESA IND BRAESI 1000x600 INOX DESM 
8352,MESA IND BRAESI 1500x600 INOX DESM 
8353,MESA IND BRAESI 1600x600 INOX DESM 
8354,MESA IND BRAESI 1800x800 INOX DESM 
8355,MESA IND CIMAPI 1000x700x850 INOX 430 DESM (UND)
8356,MESA IND CIMAPI 1200x700x850 INOX 430 DESM (UND)
8357,MESA IND CIMAPI 1200x700x850 MM C/PLAT DESM (UND)
8358,MESA IND CIMAPI 1500x700x850 INOX 430
8359,MESA IND CIMAPI 1500x700x850 INOX 430 DESM 
8360,MESA IND CIMAPI 1500x700x850 MM C/PLAT DESM (UND)
8361,MESA IND CIMAPI 1800x700x850 INOX 304 DESM (UND)
8362,MESA IND CIMAPI 1800x700x850 INOX 430 DESM (UND)
8363,MESA IND CIMAPI 1900x900 C/PRAT. E GAV TAMPO INOX
8364,MESA IND CIMAPI 1900x900 INOX 430
8365,MESA IND CIMAPI 1900x900x850 MM C/PLAT S/GAVETA
8366,MESA IND CIMAPI 2000x700x850 INOX 430 DESM 
8367,MESA IND CIMAPI 940x440x850 TAMPO INOX 430 (UND)
8368,MESA IND IMECA 1200 x700x850 INOX 430 DESM 
8369,MESA IND IMECA 1500 x700x850 EPOX COM GRADE
8370,MESA IND IMECA 1900 x700x850 INOX 430 DESM 
8371,MESA IND IMECA 1900 x900x850 EPOX COM GRADE
8372,MESA IND IMECA 1900 x900x850 INOX COM GRADE
8373,MESA IND INOX CIMAPI 1500 X 700 X 850 MM 304 DESM 
8374,MESA IND METALCUBAS 1200x900 TAMPO INOX
8375,MESA IND METALCUBAS 1400x600 ESPELHO T INOX (UND)
8376,MESA IND METALCUBAS 1400x600 TAMPO INOX
8377,MESA IND METALCUBAS 1400x600 TAMPO INOX (UND)
8378,MESA IND METALCUBAS 1400x900 TAMPO INOX (UND)
8379,MESA IND METALCUBAS 1600x600 TAMPO INOX  (UND)
8380,MESA IND METALCUBAS 1900x900 TAMPO INOX  (UND)
8381,MESA IND SO ACO 1200x700x840 TAMPO INOX (UND)
8382,MESA IND SO ACO 1200x700x850 TOTAL INOX (UND)
8383,MESA IND SO ACO 1500x700x850 TOTAL INOX (UND)
8384,MESA IND SO ACO 1500x900x800 TAMPO INOX (UND)
8385,MESA IND SO ACO 1900x900x850 TAMPO INOX (UND)
8386,MESA IND SO ACO 1900x900x850 TOTAL INOX (UND)
8387,MESA IND SPOLU 1200x700 INOX 
8388,MESA IND SPOLU 1300x550 INOX 
8389,MESA IND SPOLU 1450x550 INOX 
8390,MESA IND SPOLU 1500x700 INOX 
8391,MESA IND SPOLU 1800x700 INOX 
8392,MESA IND SPOLU 1900x550 INOX 
8393,MESA IND SPOLU 700x550 INOX 
8394,MESA IND SPOLU 700x700 INOX 
8395,MESA IND SPOLU 950x550 INOX 
8396,MESA IND VENANCIO 800 X 1600 MM
8397,MESA IND VENANCIO 900x1900
8398,MESA INDUSTRIAL 1x3M TAMPO MÁRMORE
8400,"MESA INOX 1,0x70 C/PRATELEIRA"
8401,"MESA INOX 1,80x70 C/PRATELEIRA"
8402,"MESA INOX 1,90x90 SÓ AÇO C/PRATELEIRA"
8403,"Mesa totalm em aço inox 304 1,80x0,70x1 com prat."
8420,MICROCOMPUTADOR DELL OPTIPLEX 7010
8427,MINI PADARIA INCOMP. G PANIZ
8431,MINI SERRA ECCEL 220 SEMI INOX
8432,MINI SERRA ECCEL180 SEMI INOX
8603,MISTURADEIRA MR-15 RÁPIDA GASTROMAQ
8604,MISTURADOR PROGAS PRMQ-10 BIV 10L
8605,MISTURADOR PROGAS STYLE 22lts
8606,MISTURADORA FC2 3V 220V
8607,MISTURADORA PROGAS PRMQ-22 MONO
8608,MISTURADORA VENANCIO MTV15NR MONO 15 220V
8609,MISTURADORA VENANCIO MTV15NR MONO 15 220V.
8610,MISTURADORA VENANCIO MTV22NR MONO 15 220V
8649,MODELADORA  COPAMETAL SUPER 300 COM PE
8650,MODELADORA  FC2 SUPER 400 COM PE
8651,MODELADORA  MPS-250 SUPER G. PANIZ
8652,MODELADORA  MPS-350 SUPER G. PANIZ
8653,MODELADORA  MPS-500 SUPER G. PANIZ
8654,MODELADORA BRAESI 250mm 220v MONO
8655,MODELADORA C/ CAVALETE NR12
8656,MODELADORA COOPERBAND 380v
8657,MODELADORA DE MESA LIEME 250MM
8658,MODELADORA DE MESA METVISA MPM-250
8659,MODELADORA DE MESA METVISA MPM-350
8660,MODELADORA DE MESA SUPERFECTA
8661,MODELADORA DE MESA VENANCIO MPV35 220V
8663,MODELADORA DE PÃES 500mm
8664,MODELADORA DE PÃES FC2 SUPER 400 220V MONO
8665,MODELADORA DE PÃES METALBOSQUE
8666,Modeladora de Pães MPS 350 (9103) c/ped ssv3 mono
8667,Modeladora de Pães MPS 350 (9104) s/ped ssv3 mono
8668,MODELADORA DE PÃES MPS 350 G PANIZ
8669,MODELADORA DE PÃES MPS 500 (9105) C/PED SSV MONO
8670,MODELADORA DE PAES MPS 500 G PANIZ
8671,MODELADORA DE PÃES VENANCIO S/PÉ 350MM
8672,MODELADORA G. PANIZ MPS-250
8673,MODELADORA LISBOA
8674,Modeladora MP-35 G.Paniz
8675,MODELADORA MP-50 G. Paniz
8676,MODELADORA OMESA 500 MM
8677,MODELADORA PAES VENANCIO 350MM
8678,MODELADORA PAO C/ PE VENANCIO MPV35 MONO 35 220V
8679,MODELADORA PAO C/ PE VENANCIO MPV50 MONOF 50 220V
8680,MODELADORA PAO MPS350 C/PED SSV1 MONO 220V 60Hz
8681,MODELADORA PASIANI 220V
8682,MODELADORA PERFECTA 500mm 380V
8683,MODELADORA RECORD
8684,MODELADORA STEEL 220v
8685,MODELADORA SUPERFECTA 500mm
8686,MODELADORA SUPERFECTA SP 500mm
8688,"Módulo porta paletes continuação 3x1x2,30 p/1200kg"
8689,"Módulo porta paletes inicial 3x1x2,30 p/1200kg"
8690,MODULO VENANCIO BANHO MARIA EXTRA
8691,MOEDOR BOTINI CARNE CAFE
8692,MOEDOR DE CAFÉ BERMAR BM 03
8693,MOEDOR DE CARNE BECARO BOCA 22
8694,MOEDOR DE CARNE BERMAR BOCA 10
8695,MOEDOR DE CARNE BERMAR BOCA 22
8696,MOEDOR DE CARNE BERMAR BOCA 98
8697,MOEDOR DE CARNE BRAESI BOCA 22 
8698,MOEDOR DE CARNE CAF BOCA 10
8699,MOEDOR DE CARNE CAF BOCA 22
8700,MOEDOR DE CARNE CAF BOCA 8
8701,MOEDOR DE CARNE ECCEL BOCA 10
8702,MOEDOR DE CARNE ECCEL BOCA 22
8703,MOEDOR DE CARNE ECCEL BOCA 22 INOX
8704,MOEDOR DE CARNE FILIZOLA BOCA 10
8705,MOEDOR DE CARNE G PANIZ  22 MC-22
8706,MOEDOR DE CARNE G PANIZ 10 MC-10
8707,MOEDOR DE CARNE G PANIZ MCR 10 MONO 220V 60HZ
8708,MOEDOR DE CARNE G PANIZ MCR 22
8709,MOEDOR DE CARNE G PANIZ MCR 22
8710,MOEDOR DE CARNE G PANIZ MCR 22 MONO 220V 60HZ
8711,MOEDOR DE CARNE GURAL BOCA 22
8712,MOEDOR DE CARNE METVISA BOCA 22 INOX LEVE
8713,MOEDOR DE CARNE METVISA BOCA 22 PCI 22
8714,MOEDOR DE CARNE MULLER BOCA 22
8715,MOEDOR DE CARNE PASIANI BOCA 8 BIV
8716,MOEDOR DE CARNE POLI BOCA 22
8717,MOEDOR DE PÃO METVISA INOX 220V
8718,MOEDOR DE PÃO SUPERFECTA
8719,MOEDOR MANUAL DE CARNE BOCA 22
8721,MOINHO METVISA DE PÃO COM LABIRINTO 
8722,MOINHO PAO TRIFASICO
8832,MOLHEIRA GAS PROGÁS 3 CUBAS
8833,MOLHEIRA GAS PROGÁS 3 CUBAS TAMP VIDRO
8834,MOLHEIRA GAS VENANCIO 2CB M2
8835,MOLHEIRA GAS VENANCIO 3CB M3
8856,"MONITOR DELL DE 19.5"""
8864,MOTOGERADOR BRANCO DB8000 PE 13cv 220v
8869,MOTOR 1/2cv 1710 RPM 380v TRIF
8870,MOTOR 1/2cv 1740 RPM 380v TRIF.
8872,MOTOR 1cv 1740 RPM 380v TRIF.
8873,MOTOR 1cv 3700 RPM 220v MONO.
8874,"MOTOR 2,0cv 3450 RPM 220v mono."
8875,"MOTOR 2,0cv 3520RPM 380v TRIF."
8879,MOTOR 2cv 3415 RPM 380v TRIF.
8880,MOTOR 2cv 3450 RPM 380v TRIF.
8881,MOTOR 3 cv 1745 RPM 380v TRIF.
8884,MOTOR 3cv 1740 RPM 380v TRIF.
8886,MOTOR 5cv 1750 RPM 380v TRIF.
8887,"MOTOR 7,5cv 3490 RPM 380v TRIF."
8888,"MOTOR 7,5cv 3500 RPM 380v TRIF."
8895,MOTOR DIESEL ESTACIONARIO TR18 R-PM
8900,MOTOR MONOFÁSICO 1750 RPM 220V
8911,MOUSE DELL MS116
8913,Multfuncional MF-05 com amassadeira
8914,MULTIPROCESSADOR INOX FC2 
8997,"Painel de fundo plus 1,60m (4 painéis)"
9020,Pallet em ch galvanizada epoxi 1100x900x250mm
9021,"PALLET PLASTICO 1,20X1,00X15 RPC"
9028,PANELA PRESSAO 20L ETERNE NIGRO
9101,PAR LG-SA P/RACK 120 2300MM P/2400KG
9280,"PIA EM ACO INOX 304 1,2Ox0,70x0,85 1CUBA 0,50x0,25"
9281,PICADOR DE CARNE BOCA 10 PCI 10 METVISA
9282,PICADOR DE CARNE BOCA 22 PCI 22 METVISA
9283,Picador de carne boca PCI 98 METVISA TRIF.
9284,PICADOR DE CARNE MANUAL N 10
9285,PICADOR DE CARNE PCP-22L INOX
9286,PICADOR DE CARNE SIEMSEN BOCA 22
9287,PICADOR DE LEG. GRANDE EXTRA LUXO
9288,PICADOR DE LEGUMES METALFERREIRA MEDIO 10MM
9289,PICADOR DE LEGUMES METALFERREIRA PEQ 10MM
9290,PICADOR MANUAL N 10
9310,PINGADEIRA AUTOMATICA DE PETAS
9358,PIZZAGRILL ITAJOBI FIXO LUXO-715x425
9359,PIZZAGRILL ITAJOBI REFRATORIO GIRATORIO 715x425
9630,POLICORTE MONOFÁSICO
9635,"PONTA GONDOLA PLUS 1,6m 40x30 BASE+4BAND AZUL ACRI"
9702,PORTA PALET CONT RACK PP 2300 X 1000 X 2000MM
9726,PRATELEIRA ESPELHADA C/BUFFET MPRP-200
9778,PRENSA + CHAPA A GÁS
9779,PRENSA 15 TONELADAS
9783,PRENSA GAS CHAPA ALUM 35A - PG35A
9784,PRENSA GAS PROGAS SAND CONJ CHAPA ALUM PR700
9785,PRENSA GAS PROGAS SAND PR 220
9786,PRENSA GAS VENANCIO C/ MOLHEIRA 2CB P47M2
9787,PRENSA GAS VENANCIO SAND 30 G P30SG
9788,PRENSA GAS VENANCIO SAND 47 G P47SG
9789,PRENSA GAS VENANCIO SAND 47 G P47SG
9790,PRENSA GAS VENANCIO SAND CONJ 70 G S70CG
9791,PRENSA GAS VENANCIO SAND CONJ CHAPA ALUM SCG70A
9792,PRENSA MALTA P/ QUEIJO
9793,PRENSA P/ QUEIJO 2 FORMAS RED. INOX
9794,PRENSA QUEIJO BRAESI BRC-050
9832,PREPARADOR DE ALIMENTOS G PANIZ PA-27
9833,PREPARADOR DE ALIMENTOS G PANIZ PA-27
9834,PREPARADOR DE ALIMENTOS PA01 G.PANIZ
9835,PREPARADOR DE ALIMENTOS PA01 GASTROMAQ
9836,Preparador e amaciador de carnes PAC METVISA
9847,PROCESSADOR DE ALIMENTOS BM86 BERMAR
9957,"RACK CONTINUAÇÃO 1,70MTS 80x60"
9958,RACK CONTINUACAO 2m 60x60 (BASE+3 BAND) VERM ACRIL
9960,RACK INICIAL 2m 60x60 (BASE + 3 BAND) VERM ACRIL
9962,RALADOR
9965,RALADOR BRAESI DE COCO E QUEIJO
9967,RALADOR DE COCO/QUEIJO BIV.
9969,RALADOR DESFIADOR METVISA RDA
9970,RALADOR E DESFIADOR DE ALIMENTOS METVISA
9971,RALADOR FAK COCO/QUEIJO
9972,RALADOR G PANIZ RQ-15
9973,RALADOR G PANIZ RQ-15 MONOFÁSICO
9974,RALADOR MALTA 1/3CV 220V
9996,RASPADOR COCO ANODILAR MANUAL
9998,RASPADOR DE COCO BRAESI 220V
9999,RASPADOR DE COCO BRAESI BRC-050 BIVOLT
10000,RASPADOR DE COCO MALTA 220V
10029,RECHEADORA DE CHURROS 1L
10123,Refresqueira 2 cubas 15Lt de pá 230
10124,Refresqueira 2 cubas 15Lt jato 230
10125,REFRESQUEIRA BRAS 4 CUBAS
10126,REFRESQUEIRA IBBL 1 CUBA
10127,REFRESQUEIRA IBBL 2 CUBAS
10128,REFRESQUEIRA REF. BBS2 220v
10129,REFRESQUEIRA VENANCIO INOX 2 TANQUE 16LTS
10130,REFRIG. COOLER MOD MFV40
10131,REFRIGERADOR CONSUL DUPLEX FROST FREE
10132,REFRIGERADOR ELETROLUX 320L
10133,REFRIGERADOR ELETROLUX 500L
10134,REFRIGERADOR ELETROLUX FROSTEFREE RFE38
10135,REFRIGERADOR ESMALTEC VV400M
10136,REFRIGERADOR FOST FREE REUBLY 400L
10137,REFRIGERADOR FRICON 565L DUPLA AÇÃO 220V
10138,Refrigerador vert  esm conv 410l GLDR-410
10139,REFRIGERADOR VERT GELOPAR P V GPTU-40
10140,Refrigerador vertical porta de vidro 220 GPTU-37
10141,REFRIGERADOR VISA COOLER 600L PORTA SOLIDA
10188,RELOGIO DE PONTO ELETRONICO
10195,Resfriador ind. inox c/filtro interno cap 80L
10381,RETIFICADORA 1/4 MAKITA SSP 220v
10605,Roupeiro 16 portas
10606,ROUPEIRO EM MELAM C/8 PORTAS PEQ C PITAO 195x60x40
10607,ROUPEIRO SO ACO  12 PORTAS PEQ.
10889,SALSICHEIRA 03 BAND. SS-03
10890,SALSICHEIRA TEDESCO GAS
10894,SAND CONJ GAS MOD 70G - S70CG
10895,SAND CONJ GAS MOD 95G - S95CG
10896,SANDUICHEIRA  A GÁS SC-70-G
10897,Sanduicheira com chapa sóaço
10898,SANDUICHEIRA Dupla PR700 GÁS
10902,SELADORA BARRA QUENTE 400mm
10903,SELADORA BARRA QUENTE R.BAIÃO 300MM
10904,SELADORA COLOMBO MARMITEX 
10905,SELADORA COM TEMPORIZADOR SP 400T
10906,SELADORA DATADORA 300mm2DT
10907,SELADORA DATADORA 400mm2DT
10908,SELADORA DATADORA DBL 300 2 DT
10909,SELADORA DATADORA SULPACK 300mm 2DT
10910,SELADORA DE LIQUIDOS SELP 300MM 220V
10911,SELADORA DE LIQUIDOS SELP 300MM 220V
10912,SELADORA DE MARMITEX FAK BASICO
10913,SELADORA DE MESA SELP 300MM 220V
10914,SELADORA DE MESA SELP 300MM 220V
10915,SELADORA DE MESA SMP-300 IMPULSE COM TEMP.
10916,SELADORA DE MESA SMP-300 IMPULSE COM TEMP.
10917,Seladora DFP 1002DT 220v semi-aut Picolé
10918,SELADORA DP-300 SULPACK DP-300 1D FAB
10919,SELADORA DP-300 SULPACK DP-300 1D VAL
10920,SELADORA DSA-300 2DT FAB/VAL SEMI AUTOM
10921,SELADORA LOPADEIRO B QUENTE 330mm
10922,SELADORA M. SELP 300MM PEDAL 220V
10923,SELADORA M. SELP 300MM PEDAL 220V
10924,SELADORA M. SELP 400MM PEDAL 220V
10925,SELADORA M. SELP 400MM PEDAL 220V
10927,SELADORA MARMITEX VITALEX MAX PLUS
10928,SELADORA PARA POTES SPO150 P 220V
10929,SELADORA PEDAL SULPACK BIV - SP 350 G2
10930,SELADORA R BAIAO B QUENTE PEDAL S/CONT 300MM BIV
10931,SELADORA R BAIAO B QUENTE PEDAL S/CONT 400MM BIV
10932,SELADORA R BAIAO DATADORA 2 DATAS 400MM BIV
10933,SELADORA R BAIAO DISPARO MESA S/TEMP 300MM BIV
10934,SELADORA R BAIAO DISPARO PEDAL C/TEMP 300MM BIV
10935,SELADORA R BAIAO DISPARO PEDAL C/TEMP 400MM BIV
10936,SELADORA R BAIAO DISPARO PEDAL S/TEMP 300MM BIV
10937,SELADORA R BAIAO DISPARO PEDAL S/TEMP 400MM BIV
10938,SELADORA R BAIAO P/ LIQUIDO C/ MESA APOIO 320mm
10939,SELADORA R. BAIÃO COM TEMPORIZADOR
10940,SELADORA R. BAIAO DISPARO 300MM
10941,SELADORA R. BAIAO DISPARO 400MM
10942,SELADORA SELODAT R.BAIÃO 300mm
10943,SELADORA SULPACK P/ POTE 150mm SPO
10944,SELADORA VITALEX MARMITEX CLASSIC B PLAST PLUS
10945,SELAMIL PORTÁTIL COMERCIAL
10946,SELAMULT BARRA QUENTE PEDAL 400
10947,SELAMULT BQ ECON PEDAL C/TERM BIV 300MM
10948,SELAMULT BQ ECON PEDAL C/TERM BIV 400MM
10949,SELAMULT DISPARO ECON. A PEDAL/TEMP. 300MMBIV/0
10950,Selamult DP econ pedal Biv 300mm
10951,SELAMULT DP ECON PEDAL BIV 400MM
10952,SELAMULT DP ECON PEDAL C/TEMP BIV 400MM
10953,SELAMULT SULPACK 2DT 220V 100 DFP
10954,SELAMULT-USO BARRA QUENTE
10955,SELAMULT-USO DISP AUT S/T
10963,"SELF SERVICE GELADO 4 CUBAS GRANDES 1,5 M"
10964,SELODAT DATADORA BIVOLT
10969,"SERRA DE FITA METVISA 1,78"
10970,SERRA DE FITA METVISA 218
10971,SERRA DE FITA PARA SERRA 247
10972,SERRA DE FITA SIEMSEN GRANDE 282
10973,SERRA DE FITA SPOLU BANCADA 155
10974,SERRA DE FITA SPOLU BANCADA 174
10975,SERRA DE FITA SPOLU PEQUENA 145
10976,SERRA DE FITA SPOLU PEQUENA 155
10977,SERRA FITA  METVISA INOX MEDIA MAX
10978,SERRA FITA  SF-188 220v
10979,SERRA FITA BERMAR BM21
10980,SERRA FITA C/MOEDOR SF-44
10981,SERRA FITA DELTA GRILL LAMINA 220
10982,"SERRA FITA ECCEL LAMINA 2,82 TOTAL INOX 220V"
10983,SERRA FITA ECCEL LAMINA 220 SEMI INOX 220 V
10984,SERRA FITA ECCEL LAMINA 220 SEMI INOX 220V
10985,SERRA FITA GRANDE PINTADA
10986,SERRA FITA GRANDE PINTADA SFGP
10987,Serra fita inox SF 310 2cv 220v
10988,SERRA FITA LAMINA 220 COM MOEDOR SEMI INOX
10989,SERRA FITA LAMINA 282 SEMI INOX
10990,SERRA FITA MEDIA PINTADA
10991,SERRA FITA METVISA GRANDE INOX MAX
10992,SERRA FITA METVISA INOX 282
10993,SERRA FITA METVISA INOX ESPECIAL MAX 315
10994,SERRA FITA METVISA INOX PEQUENA MAX
10995,SERRA FITA METVISA MÉDIA SFMP 
10996,SERRA FITA METVISA MÉDIA SFMP MAX
10997,SERRA FITA METVISA PEQUENA PINTADA
10998,SERRA FITA METVISA PEQUENA SFPP 
10999,SERRA FITA S/MOEDOR SF-42
11008,SERRA POLICORTE 14 MAKITA SSP 220V
11009,SERRA SF 188 S/MOEDOR MONO 110/220V 60HZ 1/2CV
11010,Serra SF 210 epoxi mono 110/220 1/2cv
11011,SERRA SF-42 MONO 127/220V 60hz 1CV
11081,SERRA TICO TICO MAKITA 4327 220v
11082,SERRA-FITA SKLG NS 95
11117,SORVETEIRA COMP. GGSA-1300
11118,SORVETEIRA COMP. GGSA-1800 S/FORMAS 220v
11143,SUPORTE DE MESA PARA FIXAÇÃO DELL
11163,SUPORTE PARA GANCHOS  MODELO MOVEIS
11165,SUPORTE PARA LEITURA OTICA
11178,SWITCH 24 PORTAS INTELBRAS
11204,TACHO DE FRITURA A GÁS 7L
11205,TACHO DE FRITURA ECCEL 6 LITROS 220V
11206,TACHO DE FRITURA MALTA 7L 3500W 220V
11207,TACHO DE FRITURA METALCUBAS 7L 220V
11208,TACHO DE FRITURA PROGAS 3 LTS C/CESTO A G 
11209,TACHO DE FRITURA PROGAS 3L 220V
11210,TACHO DE FRITURA PROGÁS 6 LITROS 220V
11213,TACHO ELETRICO GRANDE 7L TEG 220V
11214,TACHO ELÉTRICO PEQ 3L TEP 220V
11216,Tacho frit elétrico Metvisa TFE-6
11217,TACHO FRITADOR ELETRICO  TFRE5 220v
11218,TACHO FRITADOR ELETRICO (10445) TFRE7 220v
11219,TACHO FRITADOR ELETRICO (10464) TFRE3 220v
11220,TACHO FRITADOR GÁS 3 LITROS GASTRO
11221,TACHO FRITADOR GÁS 3 LITROS TFRG-03
11222,TACHO FRITADOR GÁS 5 LITROS TFRG-05
11223,TACHO FRITADOR GÁS 7 LITROS TFRG-07
11224,TACHO FRITADOR PROGAS3 LITROS C/ CESTO 220v
11225,TACHO FRITADOR TFRE-03 220V 3 LITROS
11226,TACHO FRITADOR TFRE-07 220V 7 LITROS
11227,TACHO FRITURA GAS 6L C/ PE
11230,TACHO METVISA DE FRITURA A GÁS 6LT  - TFG 6
11232,TACHO P/FRITURAS TF-60 A GÁS
11415,TESOURA PARA CORTE DE CHAPA
11423,TIMER MECANICO FORNO ELETRICO 120 MINUTOS
11585,TRITURADOR IND TA-02 VISA
11586,TRITURADOR IND TA-04 VISA
11587,TRITURADOR IND. TA-04 VISA
11630,"UDP ANDROS G5EL CDCP1,4,500 DVD REV*"
11755,VENTILADOR VITALEX OSCIL MESA 50CM 220V 150W LUXO
11756,VENTILADOR VITALEX OSCIL MESA 50CM BRC  220V 150W 
11757,VENTILADOR VITALEX OSCIL PAREDE 50CM 220V 150W
11758,VENTILADOR VITALEX OSCIL PAREDE 60CM 220V 150W GA
11759,VENTILADOR VITALEX OSCIL PAREDE 60CM 220V 150W GF 
11774,VISA COOLER CONG/RESFR 600L P SOLIDA
11775,VISA COOLER REFRIMATE MULTIUSO 410L 
11777,VIT PAD/CONF MVCA-180 CURVO
11778,"VITRINE  METEL 1,25m"
11779,"VITRINE  NAT ISOFRIO 1,25m"
11780,Vitrine caixa MXNC-070A Vidro curvo
11781,Vitrine caixa MXNR-070A
11782,"VITRINE EST GELOPAR C/ BAND VITALIS 0,74m"
11783,Vitrine estufa MVQR-065A
11784,"VITRINE FRIOINOX AMERICA CAIXA VD CURVO 0,70"
11785,"VITRINE FRIOINOX AMERICA ESTUFA 1,00M"
11786,"VITRINE FRIOINOX AMERICA REFRIG  PLACA FRIA 1,20M"
11787,"VITRINE FRIOINOX AMERICA REFRIG CONF 1,00M"
11788,"VITRINE FRIOINOX AMERICA REFRIG PLACA FRIA 1,00M"
11789,"VITRINE FRIOINOX AMERICA REFRIG PLACA FRIA 1,00M"
11790,"VITRINE FRIOINOX AMERICA REFRIG. PLACA FRIA 1,20M"
11791,"VITRINE FRIOINOX AMERICA SECA 1,00M"
11792,"VITRINE FRIOINOX AMERICA SECA 1,00M"
11793,"VITRINE FRIOINOX AMERICA SECA 1,00M VD RETO"
11794,"VITRINE FRIOINOX AMERICA SECA 1,20M"
11795,"VITRINE FRIOINOX AMERICA SECA 1,50M"
11796,"VITRINE FRIOINOX AMERICA SECA 1,50M"
11797,"VITRINE FRIOINOX AMERICA SECA 2,00M"
11798,"VITRINE GELADA 1,5m ISOFRIO"
11799,VITRINE GELADA GELOPAR 1m
11800,"Vitrine Gelopar 1,18 v. curvo natural"
11801,"VITRINE GELOPAR CX PRAT VITALIS 0,83m"
11802,"VITRINE GELOPAR EXPOSITORA VERTICAL 1,40m"
11803,"VITRINE GELOPAR NEUTRA COM PRATELEIRA VIDR0 1,40m"
11804,VITRINE NAT. GELO NORTE 1m
11805,"VITRINE NATURAL METEL  0,65m"
11806,VITRINE NATURAL STANDER VNS120
11807,"VITRINE NEUT GELOPAR P C PRAT VDR 1,40m MPNV-140CZ"
11808,"Vitrine Neutra 1,18 V Reto MVNR-118BP"
11809,Vitrine neutra MVNR-118-A
11810,Vitrine neutra V. curvo MVNC-118A
11811,VITRINE PAD/CONF MVSP-125
11812,VITRINE PAD/CONF MVSP-180
11813,Vitrine para padaria
11814,VITRINE REFRIG GELOPAR BANC GGEB-110
11815,"VITRINE REFRIG GELOPAR DE BANCADA 1,10m GGEB-110"
11816,"VITRINE REFRIGERADA SUSHI PRETO 1,30 220V VFRS1300"
11817,VITRINE REFRIMATE PANORAMICA SECA 1500
11818,VITRINE TERMETEL 1 m
11819,"VITRINE TERMISA 1,20 INOX"
11820,VITRINE TERMISA 2m NATURAL
